date,hour,percentage
06/06/2013,1,100.0
06/06/2013,2,100.0
06/06/2013,3,100.0
06/06/2013,4,100.0
06/06/2013,5,100.0
06/06/2013,6,100.0
06/06/2013,7,100.0
06/06/2013,8,100.0
06/06/2013,9,100.0
06/06/2013,10,100.0
06/06/2013,11,100.0
06/06/2013,12,100.0
06/06/2013,13,100.0
06/06/2013,14,100.0
06/06/2013,15,100.0
06/06/2013,16,100.0
06/06/2013,17,100.0
06/06/2013,18,100.0
06/06/2013,19,100.0
06/06/2013,20,100.0
06/06/2013,21,100.0
06/06/2013,22,100.0
07/06/2013,23,100.0
07/06/2013,0,100.0
07/06/2013,1,100.0
07/06/2013,2,100.0
07/06/2013,3,100.0
07/06/2013,4,100.0
07/06/2013,5,100.0
07/06/2013,6,100.0
07/06/2013,7,100.0
07/06/2013,8,100.0
07/06/2013,9,100.0
07/06/2013,10,100.0
07/06/2013,11,100.0
07/06/2013,12,100.0
07/06/2013,13,100.0
07/06/2013,14,100.0
07/06/2013,15,100.0
07/06/2013,16,100.0
07/06/2013,17,100.0
07/06/2013,18,100.0
07/06/2013,19,100.0
07/06/2013,20,100.0
07/06/2013,21,100.0
07/06/2013,22,100.0
08/06/2013,23,100.0
08/06/2013,0,100.0
08/06/2013,1,100.0
08/06/2013,2,100.0
08/06/2013,3,100.0
08/06/2013,4,100.0
08/06/2013,5,100.0
08/06/2013,6,100.0
08/06/2013,7,100.0
08/06/2013,8,100.0
08/06/2013,9,100.0
08/06/2013,10,100.0
08/06/2013,11,100.0
08/06/2013,12,100.0
08/06/2013,13,100.0
08/06/2013,14,100.0
08/06/2013,15,100.0
08/06/2013,16,100.0
08/06/2013,17,100.0
08/06/2013,18,100.0
08/06/2013,19,100.0
08/06/2013,20,100.0
08/06/2013,21,100.0
08/06/2013,22,100.0
09/06/2013,23,100.0
09/06/2013,0,100.0
09/06/2013,1,100.0
09/06/2013,2,100.0
09/06/2013,3,100.0
09/06/2013,4,100.0
09/06/2013,5,100.0
09/06/2013,6,100.0
09/06/2013,7,100.0
09/06/2013,8,100.0
09/06/2013,9,100.0
09/06/2013,10,100.0
09/06/2013,11,100.0
09/06/2013,12,100.0
09/06/2013,13,100.0
09/06/2013,14,100.0
09/06/2013,15,100.0
09/06/2013,16,100.0
09/06/2013,17,100.0
09/06/2013,18,100.0
09/06/2013,19,100.0
09/06/2013,20,100.0
09/06/2013,21,100.0
09/06/2013,22,100.0
10/06/2013,23,100.0
10/06/2013,0,100.0
10/06/2013,1,100.0
10/06/2013,2,100.0
10/06/2013,3,100.0
10/06/2013,4,100.0
10/06/2013,5,100.0
10/06/2013,6,100.0
10/06/2013,7,100.0
10/06/2013,8,100.0
10/06/2013,9,100.0
10/06/2013,10,100.0
10/06/2013,11,100.0
10/06/2013,12,100.0
10/06/2013,13,100.0
10/06/2013,14,100.0
10/06/2013,15,100.0
10/06/2013,16,100.0
10/06/2013,17,100.0
10/06/2013,18,100.0
10/06/2013,19,100.0
10/06/2013,20,100.0
10/06/2013,21,100.0
10/06/2013,22,100.0
11/06/2013,23,100.0
11/06/2013,0,100.0
11/06/2013,1,100.0
11/06/2013,2,100.0
11/06/2013,3,8.333333333333332
11/06/2013,5,91.66666666666666
11/06/2013,6,100.0
11/06/2013,7,100.0
11/06/2013,8,100.0
11/06/2013,9,100.0
11/06/2013,10,100.0
11/06/2013,11,100.0
11/06/2013,12,100.0
11/06/2013,13,100.0
11/06/2013,14,100.0
11/06/2013,15,100.0
11/06/2013,16,100.0
11/06/2013,17,100.0
11/06/2013,18,100.0
11/06/2013,19,100.0
11/06/2013,20,100.0
11/06/2013,21,100.0
11/06/2013,22,100.0
12/06/2013,23,100.0
12/06/2013,0,100.0
12/06/2013,1,100.0
12/06/2013,2,100.0
12/06/2013,3,100.0
12/06/2013,4,100.0
12/06/2013,5,100.0
12/06/2013,6,100.0
12/06/2013,7,100.0
12/06/2013,8,100.0
12/06/2013,9,100.0
12/06/2013,10,100.0
12/06/2013,11,100.0
12/06/2013,12,100.0
12/06/2013,13,100.0
12/06/2013,14,100.0
12/06/2013,15,100.0
12/06/2013,16,100.0
12/06/2013,17,100.0
12/06/2013,18,100.0
12/06/2013,19,100.0
12/06/2013,20,100.0
12/06/2013,21,100.0
12/06/2013,22,100.0
13/06/2013,23,100.0
13/06/2013,0,100.0
13/06/2013,1,100.0
13/06/2013,2,100.0
13/06/2013,3,100.0
13/06/2013,4,100.0
13/06/2013,5,100.0
13/06/2013,6,100.0
13/06/2013,7,100.0
13/06/2013,8,100.0
13/06/2013,9,100.0
13/06/2013,10,100.0
13/06/2013,11,100.0
13/06/2013,12,100.0
13/06/2013,13,100.0
13/06/2013,14,100.0
13/06/2013,15,100.0
13/06/2013,16,100.0
13/06/2013,17,100.0
13/06/2013,18,100.0
13/06/2013,19,100.0
13/06/2013,20,100.0
13/06/2013,21,100.0
13/06/2013,22,100.0
14/06/2013,23,100.0
14/06/2013,0,100.0
14/06/2013,1,100.0
14/06/2013,2,100.0
14/06/2013,3,100.0
14/06/2013,4,100.0
14/06/2013,5,100.0
14/06/2013,6,100.0
14/06/2013,7,100.0
14/06/2013,8,100.0
14/06/2013,9,100.0
14/06/2013,10,100.0
14/06/2013,11,100.0
14/06/2013,12,108.33333333333333
14/06/2013,13,100.0
14/06/2013,14,100.0
14/06/2013,15,100.0
14/06/2013,16,100.0
14/06/2013,17,100.0
14/06/2013,18,100.0
14/06/2013,19,100.0
14/06/2013,20,100.0
14/06/2013,21,100.0
14/06/2013,22,100.0
15/06/2013,23,100.0
15/06/2013,0,100.0
15/06/2013,1,100.0
15/06/2013,2,100.0
15/06/2013,3,100.0
15/06/2013,4,100.0
15/06/2013,5,100.0
15/06/2013,6,100.0
15/06/2013,7,100.0
15/06/2013,8,100.0
15/06/2013,9,100.0
15/06/2013,10,100.0
15/06/2013,11,100.0
15/06/2013,12,100.0
15/06/2013,13,100.0
15/06/2013,14,100.0
15/06/2013,15,100.0
15/06/2013,16,100.0
15/06/2013,17,100.0
15/06/2013,18,100.0
15/06/2013,19,100.0
15/06/2013,20,100.0
15/06/2013,21,100.0
15/06/2013,22,100.0
16/06/2013,23,100.0
16/06/2013,0,100.0
16/06/2013,1,100.0
16/06/2013,2,100.0
16/06/2013,3,100.0
16/06/2013,4,100.0
16/06/2013,5,100.0
16/06/2013,6,100.0
16/06/2013,7,100.0
16/06/2013,8,100.0
16/06/2013,9,100.0
16/06/2013,10,100.0
16/06/2013,11,100.0
16/06/2013,12,100.0
16/06/2013,13,100.0
16/06/2013,14,100.0
16/06/2013,15,100.0
16/06/2013,16,100.0
16/06/2013,17,100.0
16/06/2013,18,100.0
16/06/2013,19,100.0
16/06/2013,20,100.0
16/06/2013,21,100.0
16/06/2013,22,100.0
17/06/2013,23,100.0
17/06/2013,0,100.0
17/06/2013,1,100.0
17/06/2013,2,100.0
17/06/2013,3,100.0
17/06/2013,4,100.0
17/06/2013,5,100.0
17/06/2013,6,100.0
17/06/2013,7,8.333333333333332
17/06/2013,11,91.66666666666666
17/06/2013,12,100.0
17/06/2013,13,100.0
17/06/2013,14,100.0
17/06/2013,15,100.0
17/06/2013,16,100.0
17/06/2013,17,100.0
17/06/2013,18,100.0
17/06/2013,19,8.333333333333332
17/06/2013,21,91.66666666666666
17/06/2013,22,100.0
18/06/2013,23,100.0
18/06/2013,0,100.0
18/06/2013,1,100.0
18/06/2013,2,100.0
18/06/2013,3,100.0
18/06/2013,4,100.0
18/06/2013,5,8.333333333333332
18/06/2013,7,91.66666666666666
18/06/2013,8,100.0
18/06/2013,9,100.0
18/06/2013,10,100.0
18/06/2013,11,100.0
18/06/2013,12,100.0
18/06/2013,13,100.0
18/06/2013,14,100.0
18/06/2013,15,100.0
18/06/2013,16,100.0
18/06/2013,17,100.0
18/06/2013,18,100.0
18/06/2013,19,8.333333333333332
18/06/2013,21,91.66666666666666
18/06/2013,22,100.0
19/06/2013,23,100.0
19/06/2013,0,100.0
19/06/2013,1,100.0
19/06/2013,2,100.0
19/06/2013,3,100.0
19/06/2013,4,100.0
19/06/2013,5,100.0
19/06/2013,6,100.0
19/06/2013,7,100.0
19/06/2013,8,100.0
19/06/2013,9,100.0
19/06/2013,10,100.0
19/06/2013,11,100.0
19/06/2013,12,100.0
19/06/2013,13,100.0
19/06/2013,14,100.0
19/06/2013,15,100.0
19/06/2013,16,100.0
19/06/2013,17,100.0
19/06/2013,18,100.0
19/06/2013,19,100.0
19/06/2013,20,100.0
19/06/2013,21,100.0
19/06/2013,22,100.0
20/06/2013,23,100.0
20/06/2013,0,100.0
20/06/2013,1,100.0
20/06/2013,2,100.0
20/06/2013,3,100.0
20/06/2013,4,100.0
20/06/2013,5,100.0
20/06/2013,6,100.0
20/06/2013,7,100.0
20/06/2013,8,100.0
20/06/2013,9,100.0
20/06/2013,10,100.0
20/06/2013,11,100.0
20/06/2013,12,100.0
20/06/2013,13,100.0
20/06/2013,14,100.0
20/06/2013,15,100.0
20/06/2013,16,100.0
20/06/2013,17,100.0
20/06/2013,18,100.0
20/06/2013,19,100.0
20/06/2013,20,100.0
20/06/2013,21,8.333333333333332
21/06/2013,23,91.66666666666666
21/06/2013,0,100.0
21/06/2013,1,100.0
21/06/2013,2,100.0
21/06/2013,3,100.0
21/06/2013,4,100.0
21/06/2013,5,8.333333333333332
21/06/2013,7,91.66666666666666
21/06/2013,8,100.0
21/06/2013,9,100.0
21/06/2013,10,100.0
21/06/2013,11,100.0
21/06/2013,12,100.0
21/06/2013,13,100.0
21/06/2013,14,100.0
21/06/2013,15,100.0
21/06/2013,16,100.0
21/06/2013,17,100.0
21/06/2013,18,100.0
21/06/2013,19,100.0
21/06/2013,20,100.0
21/06/2013,21,100.0
21/06/2013,22,100.0
22/06/2013,23,100.0
22/06/2013,0,100.0
22/06/2013,1,100.0
22/06/2013,2,100.0
22/06/2013,3,100.0
22/06/2013,4,100.0
22/06/2013,5,100.0
22/06/2013,6,100.0
22/06/2013,7,100.0
22/06/2013,8,100.0
22/06/2013,9,100.0
22/06/2013,10,100.0
22/06/2013,11,100.0
22/06/2013,12,100.0
22/06/2013,13,100.0
22/06/2013,14,100.0
22/06/2013,15,100.0
22/06/2013,16,100.0
22/06/2013,17,100.0
22/06/2013,18,100.0
22/06/2013,19,100.0
22/06/2013,20,100.0
22/06/2013,21,8.333333333333332
23/06/2013,23,91.66666666666666
23/06/2013,0,100.0
23/06/2013,1,100.0
23/06/2013,2,100.0
23/06/2013,3,100.0
23/06/2013,4,100.0
23/06/2013,5,100.0
23/06/2013,6,100.0
23/06/2013,7,100.0
23/06/2013,8,100.0
23/06/2013,9,100.0
23/06/2013,10,100.0
23/06/2013,11,100.0
23/06/2013,12,100.0
23/06/2013,13,100.0
23/06/2013,14,100.0
23/06/2013,15,100.0
23/06/2013,16,100.0
23/06/2013,17,100.0
23/06/2013,18,100.0
23/06/2013,19,100.0
23/06/2013,20,100.0
23/06/2013,21,100.0
23/06/2013,22,100.0
24/06/2013,23,100.0
24/06/2013,0,100.0
24/06/2013,1,100.0
24/06/2013,2,100.0
24/06/2013,3,100.0
24/06/2013,4,100.0
24/06/2013,5,100.0
24/06/2013,6,100.0
24/06/2013,7,100.0
24/06/2013,8,100.0
24/06/2013,9,100.0
24/06/2013,10,100.0
24/06/2013,11,100.0
24/06/2013,12,100.0
24/06/2013,13,100.0
24/06/2013,14,100.0
24/06/2013,15,100.0
24/06/2013,16,100.0
24/06/2013,17,100.0
24/06/2013,18,100.0
24/06/2013,19,100.0
24/06/2013,20,100.0
24/06/2013,21,100.0
24/06/2013,22,100.0
25/06/2013,23,100.0
25/06/2013,0,100.0
25/06/2013,1,100.0
25/06/2013,2,100.0
25/06/2013,3,100.0
25/06/2013,4,100.0
25/06/2013,5,100.0
25/06/2013,6,100.0
25/06/2013,7,100.0
25/06/2013,8,100.0
25/06/2013,9,100.0
25/06/2013,10,100.0
25/06/2013,11,100.0
25/06/2013,12,100.0
25/06/2013,13,100.0
25/06/2013,14,100.0
25/06/2013,15,100.0
25/06/2013,16,100.0
25/06/2013,17,100.0
25/06/2013,18,100.0
25/06/2013,19,100.0
25/06/2013,20,100.0
25/06/2013,21,100.0
25/06/2013,22,100.0
26/06/2013,23,100.0
26/06/2013,0,100.0
26/06/2013,1,100.0
26/06/2013,2,100.0
26/06/2013,3,100.0
26/06/2013,4,100.0
26/06/2013,5,100.0
26/06/2013,6,100.0
26/06/2013,7,8.333333333333332
26/06/2013,9,91.66666666666666
26/06/2013,10,100.0
26/06/2013,11,8.333333333333332
26/06/2013,13,91.66666666666666
26/06/2013,14,100.0
26/06/2013,15,8.333333333333332
26/06/2013,17,91.66666666666666
26/06/2013,18,100.0
26/06/2013,19,100.0
26/06/2013,20,100.0
26/06/2013,21,100.0
26/06/2013,22,100.0
27/06/2013,23,8.333333333333332
27/06/2013,1,91.66666666666666
27/06/2013,2,100.0
27/06/2013,3,100.0
27/06/2013,4,100.0
27/06/2013,5,100.0
27/06/2013,6,100.0
27/06/2013,7,100.0
27/06/2013,8,100.0
27/06/2013,9,100.0
27/06/2013,10,100.0
27/06/2013,11,100.0
27/06/2013,12,100.0
27/06/2013,13,100.0
27/06/2013,14,100.0
27/06/2013,15,100.0
27/06/2013,16,100.0
27/06/2013,17,100.0
27/06/2013,18,100.0
27/06/2013,19,100.0
27/06/2013,20,100.0
27/06/2013,21,100.0
27/06/2013,22,100.0
28/06/2013,23,8.333333333333332
28/06/2013,1,91.66666666666666
28/06/2013,2,100.0
28/06/2013,3,100.0
28/06/2013,4,100.0
28/06/2013,5,100.0
28/06/2013,6,100.0
28/06/2013,7,100.0
28/06/2013,8,100.0
28/06/2013,9,100.0
28/06/2013,10,100.0
28/06/2013,11,100.0
28/06/2013,12,100.0
28/06/2013,13,100.0
28/06/2013,14,100.0
28/06/2013,15,100.0
28/06/2013,16,100.0
28/06/2013,17,100.0
28/06/2013,18,100.0
28/06/2013,19,100.0
28/06/2013,20,100.0
28/06/2013,21,100.0
28/06/2013,22,100.0
01/07/2013,23,91.66666666666666
01/07/2013,0,100.0
01/07/2013,1,100.0
01/07/2013,2,100.0
01/07/2013,3,100.0
01/07/2013,4,100.0
01/07/2013,5,100.0
01/07/2013,6,100.0
01/07/2013,7,100.0
01/07/2013,8,100.0
01/07/2013,9,16.666666666666664
01/07/2013,11,91.66666666666666
01/07/2013,12,100.0
01/07/2013,13,100.0
01/07/2013,14,100.0
01/07/2013,15,100.0
01/07/2013,16,100.0
01/07/2013,17,100.0
01/07/2013,18,100.0
01/07/2013,19,100.0
01/07/2013,20,100.0
01/07/2013,21,100.0
01/07/2013,22,100.0
02/07/2013,23,100.0
02/07/2013,0,100.0
02/07/2013,1,100.0
02/07/2013,2,100.0
02/07/2013,3,100.0
02/07/2013,4,100.0
02/07/2013,5,100.0
02/07/2013,6,100.0
02/07/2013,7,100.0
02/07/2013,8,100.0
02/07/2013,9,100.0
02/07/2013,10,100.0
02/07/2013,11,100.0
02/07/2013,12,100.0
02/07/2013,13,100.0
02/07/2013,14,100.0
02/07/2013,15,100.0
02/07/2013,16,100.0
02/07/2013,17,100.0
02/07/2013,18,100.0
02/07/2013,19,100.0
02/07/2013,20,100.0
02/07/2013,21,100.0
02/07/2013,22,100.0
03/07/2013,23,100.0
03/07/2013,0,100.0
03/07/2013,1,100.0
03/07/2013,2,100.0
03/07/2013,3,100.0
03/07/2013,4,100.0
03/07/2013,5,100.0
03/07/2013,6,100.0
03/07/2013,7,100.0
03/07/2013,8,100.0
03/07/2013,9,100.0
03/07/2013,10,100.0
03/07/2013,11,8.333333333333332
03/07/2013,13,91.66666666666666
03/07/2013,14,100.0
03/07/2013,15,100.0
03/07/2013,16,100.0
03/07/2013,17,100.0
03/07/2013,18,100.0
03/07/2013,19,100.0
03/07/2013,20,100.0
03/07/2013,21,100.0
03/07/2013,22,100.0
04/07/2013,23,8.333333333333332
04/07/2013,1,91.66666666666666
04/07/2013,2,100.0
04/07/2013,3,8.333333333333332
04/07/2013,5,91.66666666666666
04/07/2013,6,100.0
04/07/2013,7,100.0
04/07/2013,8,100.0
04/07/2013,9,100.0
04/07/2013,10,100.0
04/07/2013,11,100.0
04/07/2013,12,100.0
04/07/2013,13,100.0
04/07/2013,14,100.0
04/07/2013,15,100.0
04/07/2013,16,100.0
04/07/2013,17,100.0
04/07/2013,18,100.0
04/07/2013,19,100.0
04/07/2013,20,100.0
04/07/2013,21,100.0
04/07/2013,22,100.0
05/07/2013,23,100.0
05/07/2013,0,100.0
05/07/2013,1,100.0
05/07/2013,2,100.0
05/07/2013,3,100.0
05/07/2013,4,100.0
05/07/2013,5,100.0
05/07/2013,6,100.0
05/07/2013,7,100.0
05/07/2013,8,100.0
05/07/2013,9,100.0
05/07/2013,10,100.0
05/07/2013,11,100.0
05/07/2013,12,100.0
05/07/2013,13,100.0
05/07/2013,14,100.0
05/07/2013,15,100.0
05/07/2013,16,100.0
05/07/2013,17,100.0
05/07/2013,18,100.0
05/07/2013,19,100.0
05/07/2013,20,100.0
05/07/2013,21,100.0
05/07/2013,22,100.0
06/07/2013,23,100.0
06/07/2013,0,100.0
06/07/2013,1,100.0
06/07/2013,2,100.0
06/07/2013,3,100.0
06/07/2013,4,100.0
06/07/2013,5,100.0
06/07/2013,6,100.0
06/07/2013,7,100.0
06/07/2013,8,100.0
06/07/2013,9,100.0
06/07/2013,10,100.0
06/07/2013,11,8.333333333333332
06/07/2013,13,91.66666666666666
06/07/2013,14,100.0
06/07/2013,15,100.0
06/07/2013,16,100.0
06/07/2013,17,100.0
06/07/2013,18,100.0
06/07/2013,19,100.0
06/07/2013,20,100.0
06/07/2013,21,100.0
06/07/2013,22,100.0
07/07/2013,23,100.0
07/07/2013,0,100.0
07/07/2013,1,100.0
07/07/2013,2,100.0
07/07/2013,3,100.0
07/07/2013,4,100.0
07/07/2013,5,100.0
07/07/2013,6,100.0
07/07/2013,7,100.0
07/07/2013,8,100.0
07/07/2013,9,100.0
07/07/2013,10,100.0
07/07/2013,11,100.0
07/07/2013,12,100.0
07/07/2013,13,100.0
07/07/2013,14,100.0
07/07/2013,15,100.0
07/07/2013,16,100.0
07/07/2013,17,100.0
07/07/2013,18,100.0
07/07/2013,19,100.0
07/07/2013,20,100.0
07/07/2013,21,100.0
07/07/2013,22,100.0
08/07/2013,23,100.0
08/07/2013,0,100.0
08/07/2013,1,100.0
08/07/2013,2,100.0
08/07/2013,3,100.0
08/07/2013,4,100.0
08/07/2013,5,100.0
08/07/2013,6,100.0
08/07/2013,7,100.0
08/07/2013,8,100.0
08/07/2013,9,100.0
08/07/2013,10,100.0
08/07/2013,11,100.0
08/07/2013,12,100.0
08/07/2013,13,100.0
08/07/2013,14,100.0
08/07/2013,15,100.0
08/07/2013,16,100.0
08/07/2013,17,100.0
08/07/2013,18,100.0
08/07/2013,19,100.0
08/07/2013,20,100.0
08/07/2013,21,100.0
08/07/2013,22,100.0
09/07/2013,23,100.0
09/07/2013,0,100.0
09/07/2013,1,100.0
09/07/2013,2,100.0
09/07/2013,3,100.0
09/07/2013,4,100.0
09/07/2013,5,100.0
09/07/2013,6,100.0
09/07/2013,7,100.0
09/07/2013,8,100.0
09/07/2013,9,100.0
09/07/2013,10,100.0
09/07/2013,11,100.0
09/07/2013,12,100.0
09/07/2013,13,100.0
09/07/2013,14,100.0
09/07/2013,15,100.0
09/07/2013,16,100.0
09/07/2013,17,100.0
09/07/2013,18,100.0
09/07/2013,19,100.0
09/07/2013,20,100.0
09/07/2013,21,100.0
09/07/2013,22,100.0
10/07/2013,23,8.333333333333332
10/07/2013,1,91.66666666666666
10/07/2013,2,100.0
10/07/2013,3,100.0
10/07/2013,4,100.0
10/07/2013,5,100.0
10/07/2013,6,100.0
10/07/2013,7,100.0
10/07/2013,8,100.0
10/07/2013,9,100.0
10/07/2013,10,100.0
10/07/2013,11,100.0
10/07/2013,12,100.0
10/07/2013,13,100.0
10/07/2013,14,100.0
10/07/2013,15,100.0
10/07/2013,16,100.0
10/07/2013,17,100.0
10/07/2013,18,100.0
10/07/2013,19,100.0
10/07/2013,20,100.0
10/07/2013,21,100.0
10/07/2013,22,100.0
11/07/2013,23,100.0
11/07/2013,0,100.0
11/07/2013,1,100.0
11/07/2013,2,100.0
11/07/2013,3,100.0
11/07/2013,4,100.0
11/07/2013,5,100.0
11/07/2013,6,100.0
11/07/2013,7,100.0
11/07/2013,8,100.0
11/07/2013,9,100.0
11/07/2013,10,100.0
11/07/2013,11,100.0
11/07/2013,12,100.0
11/07/2013,13,100.0
11/07/2013,14,100.0
11/07/2013,15,100.0
11/07/2013,16,100.0
11/07/2013,17,100.0
11/07/2013,18,100.0
11/07/2013,19,100.0
11/07/2013,20,100.0
11/07/2013,21,100.0
11/07/2013,22,100.0
12/07/2013,23,100.0
12/07/2013,0,100.0
12/07/2013,1,100.0
12/07/2013,2,100.0
12/07/2013,3,100.0
12/07/2013,4,100.0
12/07/2013,5,100.0
12/07/2013,6,100.0
12/07/2013,7,100.0
12/07/2013,8,100.0
12/07/2013,9,100.0
12/07/2013,10,100.0
12/07/2013,11,100.0
12/07/2013,12,100.0
12/07/2013,13,100.0
12/07/2013,14,100.0
12/07/2013,15,100.0
12/07/2013,16,100.0
12/07/2013,17,100.0
12/07/2013,18,100.0
12/07/2013,19,100.0
12/07/2013,20,100.0
12/07/2013,21,100.0
12/07/2013,22,100.0
13/07/2013,23,100.0
13/07/2013,0,100.0
13/07/2013,1,100.0
13/07/2013,2,100.0
13/07/2013,3,100.0
13/07/2013,4,100.0
13/07/2013,5,100.0
13/07/2013,6,100.0
13/07/2013,7,100.0
13/07/2013,8,100.0
13/07/2013,9,100.0
13/07/2013,10,100.0
13/07/2013,11,100.0
13/07/2013,12,100.0
13/07/2013,13,100.0
13/07/2013,14,100.0
13/07/2013,15,100.0
13/07/2013,16,100.0
13/07/2013,17,100.0
13/07/2013,18,100.0
13/07/2013,19,100.0
13/07/2013,20,100.0
13/07/2013,21,100.0
13/07/2013,22,100.0
14/07/2013,23,100.0
14/07/2013,0,100.0
14/07/2013,1,100.0
14/07/2013,2,100.0
14/07/2013,3,100.0
14/07/2013,4,100.0
14/07/2013,5,100.0
14/07/2013,6,100.0
14/07/2013,7,100.0
14/07/2013,8,100.0
14/07/2013,9,100.0
14/07/2013,10,100.0
14/07/2013,11,100.0
14/07/2013,12,100.0
14/07/2013,13,100.0
14/07/2013,14,100.0
14/07/2013,15,100.0
14/07/2013,16,100.0
14/07/2013,17,100.0
14/07/2013,18,100.0
14/07/2013,19,100.0
14/07/2013,20,100.0
14/07/2013,21,100.0
14/07/2013,22,100.0
15/07/2013,23,100.0
15/07/2013,0,100.0
15/07/2013,1,100.0
15/07/2013,2,100.0
15/07/2013,3,100.0
15/07/2013,4,100.0
15/07/2013,5,100.0
15/07/2013,6,100.0
15/07/2013,7,100.0
15/07/2013,8,100.0
15/07/2013,9,100.0
15/07/2013,10,100.0
15/07/2013,11,100.0
15/07/2013,12,100.0
15/07/2013,13,100.0
15/07/2013,14,100.0
15/07/2013,15,100.0
15/07/2013,16,100.0
15/07/2013,17,100.0
15/07/2013,18,100.0
15/07/2013,19,100.0
15/07/2013,20,100.0
15/07/2013,21,100.0
15/07/2013,22,100.0
16/07/2013,23,100.0
16/07/2013,0,100.0
16/07/2013,1,100.0
16/07/2013,2,100.0
16/07/2013,3,100.0
16/07/2013,4,100.0
16/07/2013,5,100.0
16/07/2013,6,100.0
16/07/2013,7,100.0
16/07/2013,8,100.0
16/07/2013,9,100.0
16/07/2013,10,100.0
16/07/2013,11,100.0
16/07/2013,12,100.0
16/07/2013,13,100.0
16/07/2013,14,100.0
16/07/2013,15,100.0
16/07/2013,16,100.0
16/07/2013,17,100.0
16/07/2013,18,100.0
16/07/2013,19,100.0
16/07/2013,20,100.0
16/07/2013,21,100.0
16/07/2013,22,100.0
17/07/2013,23,100.0
17/07/2013,0,100.0
17/07/2013,1,100.0
17/07/2013,2,100.0
17/07/2013,3,100.0
17/07/2013,4,100.0
17/07/2013,5,100.0
17/07/2013,6,100.0
17/07/2013,7,100.0
17/07/2013,8,100.0
17/07/2013,9,100.0
17/07/2013,10,100.0
17/07/2013,11,100.0
17/07/2013,12,100.0
17/07/2013,13,100.0
17/07/2013,14,100.0
17/07/2013,15,100.0
17/07/2013,16,100.0
17/07/2013,17,100.0
17/07/2013,18,100.0
17/07/2013,19,100.0
17/07/2013,20,100.0
17/07/2013,21,100.0
17/07/2013,22,100.0
18/07/2013,23,100.0
18/07/2013,0,100.0
18/07/2013,1,100.0
18/07/2013,2,100.0
18/07/2013,3,100.0
18/07/2013,4,100.0
18/07/2013,5,100.0
18/07/2013,6,100.0
18/07/2013,7,100.0
18/07/2013,8,100.0
18/07/2013,9,100.0
18/07/2013,10,100.0
18/07/2013,11,100.0
18/07/2013,12,100.0
18/07/2013,13,100.0
18/07/2013,14,100.0
18/07/2013,15,100.0
18/07/2013,16,100.0
18/07/2013,17,100.0
18/07/2013,18,100.0
18/07/2013,19,100.0
18/07/2013,20,100.0
18/07/2013,21,100.0
18/07/2013,22,100.0
19/07/2013,23,100.0
19/07/2013,0,100.0
19/07/2013,1,100.0
19/07/2013,2,100.0
19/07/2013,3,100.0
19/07/2013,4,100.0
19/07/2013,5,100.0
19/07/2013,6,100.0
19/07/2013,7,8.333333333333332
19/07/2013,11,91.66666666666666
19/07/2013,12,100.0
19/07/2013,13,100.0
19/07/2013,14,100.0
19/07/2013,15,100.0
19/07/2013,16,100.0
19/07/2013,17,100.0
19/07/2013,18,100.0
19/07/2013,19,8.333333333333332
19/07/2013,21,91.66666666666666
19/07/2013,22,100.0
20/07/2013,23,100.0
20/07/2013,0,100.0
20/07/2013,1,100.0
20/07/2013,2,100.0
20/07/2013,3,100.0
20/07/2013,4,100.0
20/07/2013,5,100.0
20/07/2013,6,100.0
20/07/2013,7,100.0
20/07/2013,8,100.0
20/07/2013,9,100.0
20/07/2013,10,100.0
20/07/2013,11,100.0
20/07/2013,12,100.0
20/07/2013,13,100.0
20/07/2013,14,100.0
20/07/2013,15,100.0
20/07/2013,16,100.0
20/07/2013,17,100.0
20/07/2013,18,100.0
20/07/2013,19,100.0
20/07/2013,20,100.0
20/07/2013,21,100.0
20/07/2013,22,100.0
21/07/2013,23,100.0
21/07/2013,0,100.0
21/07/2013,1,100.0
21/07/2013,2,100.0
21/07/2013,3,100.0
21/07/2013,4,100.0
21/07/2013,5,100.0
21/07/2013,6,100.0
21/07/2013,7,100.0
21/07/2013,8,100.0
21/07/2013,9,100.0
21/07/2013,10,100.0
21/07/2013,11,100.0
21/07/2013,12,100.0
21/07/2013,13,100.0
21/07/2013,14,100.0
21/07/2013,15,100.0
21/07/2013,16,100.0
21/07/2013,17,100.0
21/07/2013,18,100.0
21/07/2013,19,100.0
21/07/2013,20,100.0
21/07/2013,21,100.0
21/07/2013,22,100.0
22/07/2013,23,100.0
22/07/2013,0,100.0
22/07/2013,1,100.0
22/07/2013,2,100.0
22/07/2013,3,100.0
22/07/2013,4,100.0
22/07/2013,5,100.0
22/07/2013,6,100.0
22/07/2013,7,100.0
22/07/2013,8,100.0
22/07/2013,9,100.0
22/07/2013,10,100.0
22/07/2013,11,100.0
22/07/2013,12,100.0
22/07/2013,13,100.0
22/07/2013,14,100.0
22/07/2013,15,100.0
22/07/2013,16,100.0
22/07/2013,17,100.0
22/07/2013,18,100.0
22/07/2013,19,100.0
22/07/2013,20,100.0
22/07/2013,21,100.0
22/07/2013,22,100.0
23/07/2013,23,100.0
23/07/2013,0,100.0
23/07/2013,1,100.0
23/07/2013,2,100.0
23/07/2013,3,100.0
23/07/2013,4,100.0
23/07/2013,5,100.0
23/07/2013,6,100.0
23/07/2013,7,100.0
23/07/2013,8,100.0
23/07/2013,9,100.0
23/07/2013,10,100.0
23/07/2013,11,100.0
23/07/2013,12,100.0
23/07/2013,13,100.0
23/07/2013,14,100.0
23/07/2013,15,100.0
23/07/2013,16,100.0
23/07/2013,17,100.0
23/07/2013,18,100.0
23/07/2013,19,100.0
23/07/2013,20,100.0
23/07/2013,21,100.0
23/07/2013,22,100.0
24/07/2013,23,100.0
24/07/2013,0,100.0
24/07/2013,1,100.0
24/07/2013,2,100.0
24/07/2013,3,100.0
24/07/2013,4,100.0
24/07/2013,5,100.0
24/07/2013,6,100.0
24/07/2013,7,100.0
24/07/2013,8,100.0
24/07/2013,9,100.0
24/07/2013,10,100.0
24/07/2013,11,100.0
24/07/2013,12,100.0
24/07/2013,13,100.0
24/07/2013,14,100.0
24/07/2013,15,100.0
24/07/2013,16,100.0
24/07/2013,17,100.0
24/07/2013,18,100.0
24/07/2013,19,100.0
24/07/2013,20,100.0
24/07/2013,21,100.0
24/07/2013,22,100.0
25/07/2013,23,100.0
25/07/2013,0,100.0
25/07/2013,1,100.0
25/07/2013,2,100.0
25/07/2013,3,100.0
25/07/2013,4,100.0
25/07/2013,5,100.0
25/07/2013,6,100.0
25/07/2013,7,100.0
25/07/2013,8,100.0
25/07/2013,9,100.0
25/07/2013,10,100.0
25/07/2013,11,100.0
25/07/2013,12,100.0
25/07/2013,13,100.0
25/07/2013,14,100.0
25/07/2013,15,100.0
25/07/2013,16,100.0
25/07/2013,17,100.0
25/07/2013,18,100.0
25/07/2013,19,100.0
25/07/2013,20,100.0
25/07/2013,21,100.0
25/07/2013,22,100.0
26/07/2013,23,100.0
26/07/2013,0,100.0
26/07/2013,1,100.0
26/07/2013,2,100.0
26/07/2013,3,100.0
26/07/2013,4,100.0
26/07/2013,5,100.0
26/07/2013,6,100.0
26/07/2013,7,8.333333333333332
26/07/2013,9,91.66666666666666
26/07/2013,10,100.0
26/07/2013,11,100.0
26/07/2013,12,100.0
26/07/2013,13,100.0
26/07/2013,14,100.0
26/07/2013,15,100.0
26/07/2013,16,100.0
26/07/2013,17,100.0
26/07/2013,18,100.0
26/07/2013,19,100.0
26/07/2013,20,100.0
26/07/2013,21,100.0
26/07/2013,22,100.0
27/07/2013,23,100.0
27/07/2013,0,100.0
27/07/2013,1,100.0
27/07/2013,2,100.0
27/07/2013,3,100.0
27/07/2013,4,100.0
27/07/2013,5,100.0
27/07/2013,6,100.0
27/07/2013,7,100.0
27/07/2013,8,100.0
27/07/2013,9,100.0
27/07/2013,10,100.0
27/07/2013,11,100.0
27/07/2013,12,100.0
27/07/2013,13,100.0
27/07/2013,14,100.0
27/07/2013,15,100.0
27/07/2013,16,100.0
27/07/2013,17,100.0
27/07/2013,18,100.0
27/07/2013,19,100.0
27/07/2013,20,100.0
27/07/2013,21,100.0
27/07/2013,22,100.0
28/07/2013,23,100.0
28/07/2013,0,100.0
28/07/2013,1,100.0
28/07/2013,2,100.0
28/07/2013,3,100.0
28/07/2013,4,100.0
28/07/2013,5,100.0
28/07/2013,6,100.0
28/07/2013,7,100.0
28/07/2013,8,100.0
28/07/2013,9,100.0
28/07/2013,10,100.0
28/07/2013,11,100.0
28/07/2013,12,100.0
28/07/2013,13,100.0
28/07/2013,14,100.0
28/07/2013,15,100.0
28/07/2013,16,100.0
28/07/2013,17,100.0
28/07/2013,18,100.0
28/07/2013,19,100.0
28/07/2013,20,100.0
28/07/2013,21,100.0
28/07/2013,22,100.0
29/07/2013,23,100.0
29/07/2013,0,100.0
29/07/2013,1,100.0
29/07/2013,2,100.0
29/07/2013,3,100.0
29/07/2013,4,100.0
29/07/2013,5,8.333333333333332
29/07/2013,7,91.66666666666666
29/07/2013,8,100.0
29/07/2013,9,100.0
29/07/2013,10,100.0
29/07/2013,11,100.0
29/07/2013,12,100.0
29/07/2013,13,100.0
29/07/2013,14,100.0
29/07/2013,15,100.0
29/07/2013,16,100.0
29/07/2013,17,100.0
29/07/2013,18,100.0
29/07/2013,19,100.0
29/07/2013,20,100.0
29/07/2013,21,100.0
29/07/2013,22,100.0
01/08/2013,23,91.66666666666666
01/08/2013,0,100.0
01/08/2013,1,100.0
01/08/2013,2,100.0
01/08/2013,3,100.0
01/08/2013,4,100.0
01/08/2013,5,100.0
01/08/2013,6,100.0
01/08/2013,7,100.0
01/08/2013,8,100.0
01/08/2013,9,100.0
01/08/2013,10,100.0
01/08/2013,11,100.0
01/08/2013,12,100.0
01/08/2013,13,100.0
01/08/2013,14,100.0
01/08/2013,15,100.0
01/08/2013,16,100.0
01/08/2013,17,100.0
01/08/2013,18,100.0
01/08/2013,19,100.0
01/08/2013,20,100.0
01/08/2013,21,100.0
01/08/2013,22,100.0
02/08/2013,23,100.0
02/08/2013,0,100.0
02/08/2013,1,100.0
02/08/2013,2,100.0
02/08/2013,3,100.0
02/08/2013,4,100.0
02/08/2013,5,100.0
02/08/2013,6,100.0
02/08/2013,7,100.0
02/08/2013,8,100.0
02/08/2013,9,100.0
02/08/2013,10,100.0
02/08/2013,11,100.0
02/08/2013,12,100.0
02/08/2013,13,100.0
02/08/2013,14,100.0
02/08/2013,15,100.0
02/08/2013,16,100.0
02/08/2013,17,100.0
02/08/2013,18,100.0
02/08/2013,19,100.0
02/08/2013,20,100.0
02/08/2013,21,100.0
02/08/2013,22,100.0
03/08/2013,23,100.0
03/08/2013,0,100.0
03/08/2013,1,100.0
03/08/2013,2,100.0
03/08/2013,3,100.0
03/08/2013,4,100.0
03/08/2013,5,100.0
03/08/2013,6,100.0
03/08/2013,7,100.0
03/08/2013,8,100.0
03/08/2013,9,100.0
03/08/2013,10,100.0
03/08/2013,11,100.0
03/08/2013,12,100.0
03/08/2013,13,100.0
03/08/2013,14,100.0
03/08/2013,15,100.0
03/08/2013,16,100.0
03/08/2013,17,100.0
03/08/2013,18,100.0
03/08/2013,19,100.0
03/08/2013,20,100.0
03/08/2013,21,100.0
03/08/2013,22,100.0
04/08/2013,23,100.0
04/08/2013,0,100.0
04/08/2013,1,100.0
04/08/2013,2,100.0
04/08/2013,3,100.0
04/08/2013,4,100.0
04/08/2013,5,100.0
04/08/2013,6,100.0
04/08/2013,7,100.0
04/08/2013,8,100.0
04/08/2013,9,100.0
04/08/2013,10,100.0
04/08/2013,11,100.0
04/08/2013,12,100.0
04/08/2013,13,100.0
04/08/2013,14,100.0
04/08/2013,15,100.0
04/08/2013,16,100.0
04/08/2013,17,100.0
04/08/2013,18,100.0
04/08/2013,19,100.0
04/08/2013,20,100.0
04/08/2013,21,100.0
04/08/2013,22,100.0
05/08/2013,23,8.333333333333332
05/08/2013,1,91.66666666666666
05/08/2013,2,100.0
05/08/2013,3,100.0
05/08/2013,4,100.0
05/08/2013,5,100.0
05/08/2013,6,100.0
05/08/2013,7,100.0
05/08/2013,8,100.0
05/08/2013,9,100.0
05/08/2013,10,100.0
05/08/2013,11,100.0
05/08/2013,12,100.0
05/08/2013,13,100.0
05/08/2013,14,100.0
05/08/2013,15,100.0
05/08/2013,16,100.0
05/08/2013,17,100.0
05/08/2013,18,100.0
05/08/2013,19,100.0
05/08/2013,20,100.0
05/08/2013,21,100.0
05/08/2013,22,100.0
06/08/2013,23,100.0
06/08/2013,0,100.0
06/08/2013,1,100.0
06/08/2013,2,100.0
06/08/2013,3,100.0
06/08/2013,4,100.0
06/08/2013,5,100.0
06/08/2013,6,100.0
06/08/2013,7,100.0
06/08/2013,8,100.0
06/08/2013,9,100.0
06/08/2013,10,100.0
06/08/2013,11,100.0
06/08/2013,12,100.0
06/08/2013,13,100.0
06/08/2013,14,100.0
06/08/2013,15,100.0
06/08/2013,16,100.0
06/08/2013,17,100.0
06/08/2013,18,100.0
06/08/2013,19,100.0
06/08/2013,20,100.0
06/08/2013,21,100.0
06/08/2013,22,100.0
07/08/2013,23,100.0
07/08/2013,0,100.0
07/08/2013,1,100.0
07/08/2013,2,100.0
07/08/2013,3,100.0
07/08/2013,4,100.0
07/08/2013,5,100.0
07/08/2013,6,100.0
07/08/2013,7,100.0
07/08/2013,8,100.0
07/08/2013,9,100.0
07/08/2013,10,100.0
07/08/2013,11,100.0
07/08/2013,12,100.0
07/08/2013,13,100.0
07/08/2013,14,100.0
07/08/2013,15,100.0
07/08/2013,16,100.0
07/08/2013,17,100.0
07/08/2013,18,100.0
07/08/2013,19,100.0
07/08/2013,20,100.0
08/08/2013,21,8.333333333333332
08/08/2013,1,91.66666666666666
08/08/2013,2,100.0
08/08/2013,3,8.333333333333332
08/08/2013,5,91.66666666666666
08/08/2013,6,100.0
08/08/2013,7,100.0
08/08/2013,8,100.0
08/08/2013,9,100.0
08/08/2013,10,100.0
08/08/2013,11,100.0
08/08/2013,12,100.0
08/08/2013,13,100.0
08/08/2013,14,100.0
08/08/2013,15,100.0
08/08/2013,16,100.0
08/08/2013,17,100.0
08/08/2013,18,100.0
08/08/2013,19,100.0
08/08/2013,20,100.0
08/08/2013,21,100.0
08/08/2013,22,100.0
09/08/2013,23,100.0
09/08/2013,0,100.0
09/08/2013,1,100.0
09/08/2013,2,100.0
09/08/2013,3,100.0
09/08/2013,4,100.0
09/08/2013,5,100.0
09/08/2013,6,100.0
09/08/2013,7,100.0
09/08/2013,8,100.0
09/08/2013,9,100.0
09/08/2013,10,100.0
09/08/2013,11,100.0
09/08/2013,12,100.0
09/08/2013,13,100.0
09/08/2013,14,100.0
09/08/2013,15,100.0
09/08/2013,16,100.0
09/08/2013,17,100.0
09/08/2013,18,100.0
09/08/2013,19,100.0
09/08/2013,20,100.0
09/08/2013,21,100.0
09/08/2013,22,100.0
10/08/2013,23,100.0
10/08/2013,0,100.0
10/08/2013,1,100.0
10/08/2013,2,100.0
10/08/2013,3,100.0
10/08/2013,4,100.0
10/08/2013,5,100.0
10/08/2013,6,100.0
10/08/2013,7,100.0
10/08/2013,8,100.0
10/08/2013,9,100.0
10/08/2013,10,100.0
10/08/2013,11,100.0
10/08/2013,12,100.0
10/08/2013,13,100.0
10/08/2013,14,100.0
10/08/2013,15,100.0
10/08/2013,16,100.0
10/08/2013,17,100.0
10/08/2013,18,100.0
10/08/2013,19,100.0
10/08/2013,20,100.0
10/08/2013,21,100.0
10/08/2013,22,100.0
11/08/2013,23,100.0
11/08/2013,0,100.0
11/08/2013,1,100.0
11/08/2013,2,100.0
11/08/2013,3,100.0
11/08/2013,4,100.0
11/08/2013,5,100.0
11/08/2013,6,100.0
11/08/2013,7,100.0
11/08/2013,8,100.0
11/08/2013,9,100.0
11/08/2013,10,100.0
11/08/2013,11,100.0
11/08/2013,12,100.0
11/08/2013,13,100.0
11/08/2013,14,100.0
11/08/2013,15,100.0
11/08/2013,16,100.0
11/08/2013,17,100.0
11/08/2013,18,100.0
11/08/2013,19,100.0
11/08/2013,20,100.0
11/08/2013,21,100.0
11/08/2013,22,100.0
12/08/2013,23,100.0
12/08/2013,0,100.0
12/08/2013,1,100.0
12/08/2013,2,100.0
12/08/2013,3,100.0
12/08/2013,4,100.0
12/08/2013,5,100.0
12/08/2013,6,100.0
12/08/2013,7,100.0
12/08/2013,8,100.0
12/08/2013,9,100.0
12/08/2013,10,100.0
12/08/2013,11,100.0
12/08/2013,12,100.0
12/08/2013,13,100.0
12/08/2013,14,100.0
12/08/2013,15,100.0
12/08/2013,16,100.0
12/08/2013,17,100.0
12/08/2013,18,100.0
12/08/2013,19,100.0
12/08/2013,20,100.0
12/08/2013,21,100.0
12/08/2013,22,100.0
13/08/2013,23,100.0
13/08/2013,0,100.0
13/08/2013,1,100.0
13/08/2013,2,100.0
13/08/2013,3,100.0
13/08/2013,4,100.0
13/08/2013,5,100.0
13/08/2013,6,100.0
13/08/2013,7,100.0
13/08/2013,8,100.0
13/08/2013,9,100.0
13/08/2013,10,100.0
13/08/2013,11,100.0
13/08/2013,12,100.0
13/08/2013,13,100.0
13/08/2013,14,100.0
13/08/2013,15,100.0
13/08/2013,16,100.0
13/08/2013,17,100.0
13/08/2013,18,100.0
13/08/2013,19,100.0
13/08/2013,20,100.0
13/08/2013,21,100.0
13/08/2013,22,100.0
14/08/2013,23,100.0
14/08/2013,0,100.0
14/08/2013,1,100.0
14/08/2013,2,100.0
14/08/2013,3,100.0
14/08/2013,4,100.0
14/08/2013,5,100.0
14/08/2013,6,100.0
14/08/2013,7,100.0
14/08/2013,8,100.0
14/08/2013,9,100.0
14/08/2013,10,100.0
14/08/2013,11,100.0
14/08/2013,12,100.0
14/08/2013,13,100.0
14/08/2013,14,100.0
14/08/2013,15,100.0
14/08/2013,16,100.0
14/08/2013,17,100.0
14/08/2013,18,100.0
14/08/2013,19,100.0
14/08/2013,20,100.0
14/08/2013,21,100.0
14/08/2013,22,100.0
15/08/2013,23,100.0
15/08/2013,0,100.0
15/08/2013,1,100.0
15/08/2013,2,100.0
15/08/2013,3,100.0
15/08/2013,4,100.0
15/08/2013,5,100.0
15/08/2013,6,100.0
15/08/2013,7,100.0
15/08/2013,8,100.0
15/08/2013,9,100.0
15/08/2013,10,100.0
15/08/2013,11,100.0
15/08/2013,12,100.0
15/08/2013,13,100.0
15/08/2013,14,100.0
15/08/2013,15,100.0
15/08/2013,16,100.0
15/08/2013,17,100.0
15/08/2013,18,100.0
15/08/2013,19,100.0
15/08/2013,20,100.0
15/08/2013,21,100.0
15/08/2013,22,100.0
16/08/2013,23,100.0
16/08/2013,0,100.0
16/08/2013,1,100.0
16/08/2013,2,100.0
16/08/2013,3,100.0
16/08/2013,4,100.0
16/08/2013,5,100.0
16/08/2013,6,100.0
16/08/2013,7,100.0
16/08/2013,8,100.0
16/08/2013,9,100.0
16/08/2013,10,100.0
16/08/2013,11,100.0
16/08/2013,12,100.0
16/08/2013,13,100.0
16/08/2013,14,100.0
16/08/2013,15,100.0
16/08/2013,16,100.0
16/08/2013,17,100.0
16/08/2013,18,100.0
16/08/2013,19,100.0
16/08/2013,20,100.0
16/08/2013,21,100.0
16/08/2013,22,100.0
17/08/2013,23,100.0
17/08/2013,0,100.0
17/08/2013,1,100.0
17/08/2013,2,100.0
17/08/2013,3,100.0
17/08/2013,4,100.0
17/08/2013,5,100.0
17/08/2013,6,100.0
17/08/2013,7,100.0
17/08/2013,8,100.0
17/08/2013,9,100.0
17/08/2013,10,100.0
17/08/2013,11,100.0
17/08/2013,12,100.0
17/08/2013,13,100.0
17/08/2013,14,100.0
17/08/2013,15,100.0
17/08/2013,16,100.0
17/08/2013,17,8.333333333333332
17/08/2013,19,91.66666666666666
17/08/2013,20,100.0
17/08/2013,21,100.0
17/08/2013,22,100.0
18/08/2013,23,100.0
18/08/2013,0,100.0
18/08/2013,1,100.0
18/08/2013,2,100.0
18/08/2013,3,100.0
18/08/2013,4,100.0
18/08/2013,5,100.0
18/08/2013,6,100.0
18/08/2013,7,100.0
18/08/2013,8,100.0
18/08/2013,9,100.0
18/08/2013,10,100.0
18/08/2013,11,100.0
18/08/2013,12,100.0
18/08/2013,13,100.0
18/08/2013,14,100.0
18/08/2013,15,100.0
18/08/2013,16,100.0
18/08/2013,17,100.0
18/08/2013,18,100.0
18/08/2013,19,100.0
18/08/2013,20,100.0
18/08/2013,21,100.0
18/08/2013,22,100.0
19/08/2013,23,100.0
19/08/2013,0,100.0
19/08/2013,1,100.0
19/08/2013,2,100.0
19/08/2013,3,100.0
19/08/2013,4,100.0
19/08/2013,5,100.0
19/08/2013,6,100.0
19/08/2013,7,100.0
19/08/2013,8,100.0
19/08/2013,9,100.0
19/08/2013,10,100.0
19/08/2013,11,100.0
19/08/2013,12,100.0
19/08/2013,13,100.0
19/08/2013,14,100.0
19/08/2013,15,100.0
19/08/2013,16,100.0
19/08/2013,17,100.0
19/08/2013,18,100.0
19/08/2013,19,100.0
19/08/2013,20,100.0
20/08/2013,21,8.333333333333332
20/08/2013,7,91.66666666666666
20/08/2013,8,100.0
20/08/2013,9,100.0
20/08/2013,10,100.0
20/08/2013,11,100.0
20/08/2013,12,100.0
20/08/2013,13,100.0
20/08/2013,14,100.0
20/08/2013,15,100.0
20/08/2013,16,100.0
20/08/2013,17,100.0
20/08/2013,18,100.0
20/08/2013,19,100.0
20/08/2013,20,100.0
20/08/2013,21,100.0
20/08/2013,22,100.0
21/08/2013,23,100.0
21/08/2013,0,100.0
21/08/2013,1,100.0
21/08/2013,2,100.0
21/08/2013,3,100.0
21/08/2013,4,100.0
21/08/2013,5,100.0
21/08/2013,6,100.0
21/08/2013,7,100.0
21/08/2013,8,100.0
21/08/2013,9,100.0
21/08/2013,10,100.0
21/08/2013,11,100.0
21/08/2013,12,100.0
21/08/2013,13,100.0
21/08/2013,14,100.0
21/08/2013,15,100.0
21/08/2013,16,100.0
21/08/2013,17,100.0
21/08/2013,18,100.0
21/08/2013,19,100.0
21/08/2013,20,100.0
21/08/2013,21,100.0
21/08/2013,22,100.0
22/08/2013,23,8.333333333333332
22/08/2013,1,91.66666666666666
22/08/2013,2,100.0
22/08/2013,3,100.0
22/08/2013,4,100.0
22/08/2013,5,100.0
22/08/2013,6,100.0
22/08/2013,7,100.0
22/08/2013,8,100.0
22/08/2013,9,100.0
22/08/2013,10,100.0
22/08/2013,11,100.0
22/08/2013,12,100.0
22/08/2013,13,100.0
22/08/2013,14,100.0
22/08/2013,15,100.0
22/08/2013,16,100.0
22/08/2013,17,100.0
22/08/2013,18,100.0
22/08/2013,19,100.0
22/08/2013,20,100.0
22/08/2013,21,100.0
22/08/2013,22,100.0
23/08/2013,23,100.0
23/08/2013,0,100.0
23/08/2013,1,100.0
23/08/2013,2,100.0
23/08/2013,3,100.0
23/08/2013,4,100.0
23/08/2013,5,100.0
23/08/2013,6,100.0
23/08/2013,7,100.0
23/08/2013,8,100.0
23/08/2013,9,100.0
23/08/2013,10,100.0
23/08/2013,11,100.0
23/08/2013,12,100.0
23/08/2013,13,100.0
23/08/2013,14,100.0
23/08/2013,15,100.0
23/08/2013,16,100.0
23/08/2013,17,100.0
23/08/2013,18,100.0
23/08/2013,19,100.0
23/08/2013,20,100.0
23/08/2013,21,100.0
23/08/2013,22,100.0
24/08/2013,23,100.0
24/08/2013,0,100.0
24/08/2013,1,100.0
24/08/2013,2,100.0
24/08/2013,3,100.0
24/08/2013,4,100.0
24/08/2013,5,100.0
24/08/2013,6,100.0
24/08/2013,7,100.0
24/08/2013,8,100.0
24/08/2013,9,100.0
24/08/2013,10,100.0
24/08/2013,11,100.0
24/08/2013,12,100.0
24/08/2013,13,100.0
24/08/2013,14,100.0
24/08/2013,15,100.0
24/08/2013,16,100.0
24/08/2013,17,100.0
24/08/2013,18,100.0
24/08/2013,19,100.0
24/08/2013,20,100.0
24/08/2013,21,100.0
24/08/2013,22,100.0
25/08/2013,23,100.0
25/08/2013,0,100.0
25/08/2013,1,100.0
25/08/2013,2,100.0
25/08/2013,3,100.0
25/08/2013,4,100.0
25/08/2013,5,100.0
25/08/2013,6,100.0
25/08/2013,7,100.0
25/08/2013,8,100.0
25/08/2013,9,100.0
25/08/2013,10,100.0
25/08/2013,11,100.0
25/08/2013,12,100.0
25/08/2013,13,100.0
25/08/2013,14,100.0
25/08/2013,15,100.0
25/08/2013,16,100.0
25/08/2013,17,100.0
25/08/2013,18,100.0
25/08/2013,19,100.0
25/08/2013,20,100.0
25/08/2013,21,100.0
25/08/2013,22,100.0
26/08/2013,23,100.0
26/08/2013,0,100.0
26/08/2013,1,100.0
26/08/2013,2,100.0
26/08/2013,3,100.0
26/08/2013,4,100.0
26/08/2013,5,100.0
26/08/2013,6,100.0
26/08/2013,7,100.0
26/08/2013,8,100.0
26/08/2013,9,100.0
26/08/2013,10,100.0
26/08/2013,11,100.0
26/08/2013,12,100.0
26/08/2013,13,100.0
26/08/2013,14,100.0
26/08/2013,15,100.0
26/08/2013,16,100.0
26/08/2013,17,100.0
26/08/2013,18,100.0
26/08/2013,19,100.0
26/08/2013,20,100.0
26/08/2013,21,100.0
26/08/2013,22,100.0
27/08/2013,23,100.0
27/08/2013,0,100.0
27/08/2013,1,100.0
27/08/2013,2,100.0
27/08/2013,3,100.0
27/08/2013,4,100.0
27/08/2013,5,100.0
27/08/2013,6,100.0
27/08/2013,7,100.0
27/08/2013,8,100.0
27/08/2013,9,16.666666666666664
27/08/2013,11,91.66666666666666
27/08/2013,12,100.0
27/08/2013,13,100.0
27/08/2013,14,100.0
27/08/2013,15,100.0
27/08/2013,16,100.0
27/08/2013,17,100.0
27/08/2013,18,100.0
27/08/2013,19,100.0
27/08/2013,20,100.0
27/08/2013,21,100.0
27/08/2013,22,100.0
28/08/2013,23,100.0
28/08/2013,0,100.0
28/08/2013,1,100.0
28/08/2013,2,100.0
28/08/2013,3,100.0
28/08/2013,4,100.0
28/08/2013,5,100.0
28/08/2013,6,100.0
28/08/2013,7,100.0
28/08/2013,8,100.0
28/08/2013,9,100.0
28/08/2013,10,100.0
28/08/2013,11,100.0
28/08/2013,12,100.0
28/08/2013,13,100.0
28/08/2013,14,100.0
28/08/2013,15,100.0
28/08/2013,16,100.0
28/08/2013,17,100.0
28/08/2013,18,100.0
28/08/2013,19,100.0
28/08/2013,20,100.0
28/08/2013,21,100.0
28/08/2013,22,100.0
29/08/2013,23,8.333333333333332
29/08/2013,9,91.66666666666666
29/08/2013,10,100.0
29/08/2013,11,100.0
29/08/2013,12,100.0
29/08/2013,13,100.0
29/08/2013,14,100.0
29/08/2013,15,100.0
29/08/2013,16,100.0
29/08/2013,17,100.0
29/08/2013,18,100.0
29/08/2013,19,100.0
29/08/2013,20,100.0
01/09/2013,21,8.333333333333332
01/09/2013,0,100.0
01/09/2013,1,100.0
01/09/2013,2,100.0
01/09/2013,3,100.0
01/09/2013,4,100.0
01/09/2013,5,100.0
01/09/2013,6,100.0
01/09/2013,7,100.0
01/09/2013,8,100.0
01/09/2013,9,100.0
01/09/2013,10,100.0
01/09/2013,11,100.0
01/09/2013,12,100.0
01/09/2013,13,100.0
01/09/2013,14,100.0
01/09/2013,15,100.0
01/09/2013,16,100.0
01/09/2013,17,100.0
01/09/2013,18,100.0
01/09/2013,19,100.0
01/09/2013,20,100.0
01/09/2013,21,100.0
01/09/2013,22,100.0
02/09/2013,23,100.0
02/09/2013,0,100.0
02/09/2013,1,100.0
02/09/2013,2,100.0
02/09/2013,3,100.0
02/09/2013,4,100.0
02/09/2013,5,100.0
02/09/2013,6,100.0
02/09/2013,7,100.0
02/09/2013,8,100.0
02/09/2013,9,100.0
02/09/2013,10,100.0
02/09/2013,11,100.0
02/09/2013,12,100.0
02/09/2013,13,100.0
02/09/2013,14,100.0
02/09/2013,15,100.0
02/09/2013,16,100.0
02/09/2013,17,100.0
02/09/2013,18,100.0
02/09/2013,19,100.0
02/09/2013,20,100.0
02/09/2013,21,100.0
02/09/2013,22,100.0
03/09/2013,23,100.0
03/09/2013,0,100.0
03/09/2013,1,100.0
03/09/2013,2,100.0
03/09/2013,3,100.0
03/09/2013,4,100.0
03/09/2013,5,100.0
03/09/2013,6,100.0
03/09/2013,7,100.0
03/09/2013,8,100.0
03/09/2013,9,100.0
03/09/2013,10,100.0
03/09/2013,11,100.0
03/09/2013,12,100.0
03/09/2013,13,100.0
03/09/2013,14,100.0
03/09/2013,15,100.0
03/09/2013,16,100.0
03/09/2013,17,100.0
03/09/2013,18,100.0
03/09/2013,19,100.0
03/09/2013,20,100.0
03/09/2013,21,100.0
03/09/2013,22,100.0
04/09/2013,23,100.0
04/09/2013,0,100.0
04/09/2013,1,100.0
04/09/2013,2,100.0
04/09/2013,3,100.0
04/09/2013,4,100.0
04/09/2013,5,100.0
04/09/2013,6,100.0
04/09/2013,7,100.0
04/09/2013,8,100.0
04/09/2013,9,100.0
04/09/2013,10,100.0
04/09/2013,11,100.0
04/09/2013,12,100.0
04/09/2013,13,100.0
04/09/2013,14,100.0
04/09/2013,15,100.0
04/09/2013,16,100.0
04/09/2013,17,100.0
04/09/2013,18,100.0
04/09/2013,19,100.0
04/09/2013,20,100.0
04/09/2013,21,8.333333333333332
05/09/2013,23,91.66666666666666
05/09/2013,0,100.0
05/09/2013,1,100.0
05/09/2013,2,100.0
05/09/2013,3,100.0
05/09/2013,4,100.0
05/09/2013,5,100.0
05/09/2013,6,100.0
05/09/2013,7,100.0
05/09/2013,8,100.0
05/09/2013,9,100.0
05/09/2013,10,100.0
05/09/2013,11,100.0
05/09/2013,12,100.0
05/09/2013,13,100.0
05/09/2013,14,100.0
05/09/2013,15,100.0
05/09/2013,16,100.0
05/09/2013,17,100.0
05/09/2013,18,100.0
05/09/2013,19,100.0
05/09/2013,20,100.0
05/09/2013,21,100.0
05/09/2013,22,100.0
06/09/2013,23,100.0
06/09/2013,0,100.0
06/09/2013,1,100.0
06/09/2013,2,100.0
06/09/2013,3,100.0
06/09/2013,4,100.0
06/09/2013,5,100.0
06/09/2013,6,100.0
06/09/2013,7,100.0
06/09/2013,8,100.0
06/09/2013,9,100.0
06/09/2013,10,100.0
06/09/2013,11,100.0
06/09/2013,12,100.0
06/09/2013,13,100.0
06/09/2013,14,100.0
06/09/2013,15,100.0
06/09/2013,16,100.0
06/09/2013,17,100.0
06/09/2013,18,100.0
06/09/2013,19,100.0
06/09/2013,20,100.0
06/09/2013,21,100.0
06/09/2013,22,100.0
07/09/2013,23,100.0
07/09/2013,0,100.0
07/09/2013,1,100.0
07/09/2013,2,100.0
07/09/2013,3,100.0
07/09/2013,4,100.0
07/09/2013,5,100.0
07/09/2013,6,100.0
07/09/2013,7,100.0
07/09/2013,8,100.0
07/09/2013,9,100.0
07/09/2013,10,100.0
07/09/2013,11,100.0
07/09/2013,12,100.0
07/09/2013,13,100.0
07/09/2013,14,100.0
07/09/2013,15,100.0
07/09/2013,16,100.0
07/09/2013,17,100.0
07/09/2013,18,100.0
07/09/2013,19,100.0
07/09/2013,20,100.0
07/09/2013,21,100.0
07/09/2013,22,100.0
08/09/2013,23,100.0
08/09/2013,0,100.0
08/09/2013,1,100.0
08/09/2013,2,100.0
08/09/2013,3,100.0
08/09/2013,4,100.0
08/09/2013,5,100.0
08/09/2013,6,100.0
08/09/2013,7,100.0
08/09/2013,8,100.0
08/09/2013,9,100.0
08/09/2013,10,100.0
08/09/2013,11,100.0
08/09/2013,12,100.0
08/09/2013,13,100.0
08/09/2013,14,100.0
08/09/2013,15,100.0
08/09/2013,16,100.0
08/09/2013,17,100.0
08/09/2013,18,100.0
08/09/2013,19,100.0
08/09/2013,20,100.0
08/09/2013,21,100.0
08/09/2013,22,100.0
09/09/2013,23,100.0
09/09/2013,0,100.0
09/09/2013,1,100.0
09/09/2013,2,100.0
09/09/2013,3,100.0
09/09/2013,4,100.0
09/09/2013,5,100.0
09/09/2013,6,100.0
09/09/2013,7,100.0
09/09/2013,8,100.0
09/09/2013,9,100.0
09/09/2013,10,100.0
09/09/2013,11,100.0
09/09/2013,12,100.0
09/09/2013,13,100.0
09/09/2013,14,100.0
09/09/2013,15,100.0
09/09/2013,16,100.0
09/09/2013,17,100.0
09/09/2013,18,100.0
09/09/2013,19,100.0
09/09/2013,20,100.0
09/09/2013,21,100.0
09/09/2013,22,100.0
10/09/2013,23,100.0
10/09/2013,0,100.0
10/09/2013,1,100.0
10/09/2013,2,100.0
10/09/2013,3,100.0
10/09/2013,4,100.0
10/09/2013,5,100.0
10/09/2013,6,100.0
10/09/2013,7,100.0
10/09/2013,8,100.0
10/09/2013,9,100.0
10/09/2013,10,100.0
10/09/2013,11,100.0
10/09/2013,12,100.0
10/09/2013,13,100.0
10/09/2013,14,100.0
10/09/2013,15,100.0
10/09/2013,16,100.0
10/09/2013,17,100.0
10/09/2013,18,100.0
10/09/2013,19,100.0
10/09/2013,20,100.0
10/09/2013,21,100.0
10/09/2013,22,100.0
11/09/2013,23,100.0
11/09/2013,0,100.0
11/09/2013,1,100.0
11/09/2013,2,100.0
11/09/2013,3,100.0
11/09/2013,4,100.0
11/09/2013,5,100.0
11/09/2013,6,100.0
11/09/2013,7,100.0
11/09/2013,8,100.0
11/09/2013,9,100.0
11/09/2013,10,100.0
11/09/2013,11,100.0
11/09/2013,12,100.0
11/09/2013,13,100.0
11/09/2013,14,100.0
11/09/2013,15,100.0
11/09/2013,16,100.0
11/09/2013,17,100.0
11/09/2013,18,100.0
11/09/2013,19,100.0
11/09/2013,20,100.0
11/09/2013,21,100.0
11/09/2013,22,100.0
12/09/2013,23,100.0
12/09/2013,0,100.0
12/09/2013,1,100.0
12/09/2013,2,100.0
12/09/2013,3,100.0
12/09/2013,4,100.0
12/09/2013,5,100.0
12/09/2013,6,100.0
12/09/2013,7,100.0
12/09/2013,8,100.0
12/09/2013,9,100.0
12/09/2013,10,100.0
12/09/2013,11,100.0
12/09/2013,12,100.0
12/09/2013,13,100.0
12/09/2013,14,100.0
12/09/2013,15,100.0
12/09/2013,16,100.0
12/09/2013,17,100.0
12/09/2013,18,100.0
12/09/2013,19,100.0
12/09/2013,20,100.0
12/09/2013,21,100.0
12/09/2013,22,100.0
13/09/2013,23,100.0
13/09/2013,0,100.0
13/09/2013,1,100.0
13/09/2013,2,100.0
13/09/2013,3,100.0
13/09/2013,4,100.0
13/09/2013,5,100.0
13/09/2013,6,100.0
13/09/2013,7,100.0
13/09/2013,8,100.0
13/09/2013,9,100.0
13/09/2013,10,100.0
13/09/2013,11,100.0
13/09/2013,12,100.0
13/09/2013,13,100.0
13/09/2013,14,100.0
13/09/2013,15,100.0
13/09/2013,16,100.0
13/09/2013,17,100.0
13/09/2013,18,100.0
13/09/2013,19,100.0
13/09/2013,20,100.0
13/09/2013,21,100.0
13/09/2013,22,100.0
14/09/2013,23,100.0
14/09/2013,0,100.0
14/09/2013,1,100.0
14/09/2013,2,100.0
14/09/2013,3,100.0
14/09/2013,4,100.0
14/09/2013,5,100.0
14/09/2013,6,100.0
14/09/2013,7,100.0
14/09/2013,8,100.0
14/09/2013,9,100.0
14/09/2013,10,100.0
14/09/2013,11,100.0
14/09/2013,12,100.0
14/09/2013,13,100.0
14/09/2013,14,100.0
14/09/2013,15,100.0
14/09/2013,16,100.0
14/09/2013,17,100.0
14/09/2013,18,100.0
14/09/2013,19,100.0
14/09/2013,20,100.0
14/09/2013,21,100.0
14/09/2013,22,100.0
15/09/2013,23,100.0
15/09/2013,0,100.0
15/09/2013,1,100.0
15/09/2013,2,100.0
15/09/2013,3,100.0
15/09/2013,4,100.0
15/09/2013,5,100.0
15/09/2013,6,100.0
15/09/2013,7,100.0
15/09/2013,8,100.0
15/09/2013,9,16.666666666666664
15/09/2013,11,91.66666666666666
15/09/2013,12,100.0
15/09/2013,13,100.0
15/09/2013,14,100.0
15/09/2013,15,100.0
15/09/2013,16,100.0
15/09/2013,17,100.0
15/09/2013,18,100.0
15/09/2013,19,100.0
15/09/2013,20,100.0
15/09/2013,21,100.0
15/09/2013,22,100.0
16/09/2013,23,100.0
16/09/2013,0,100.0
16/09/2013,1,100.0
16/09/2013,2,100.0
16/09/2013,3,100.0
16/09/2013,4,100.0
16/09/2013,5,100.0
16/09/2013,6,100.0
16/09/2013,7,100.0
16/09/2013,8,100.0
16/09/2013,9,100.0
16/09/2013,10,100.0
16/09/2013,11,8.333333333333332
16/09/2013,13,91.66666666666666
16/09/2013,14,100.0
16/09/2013,15,100.0
16/09/2013,16,100.0
16/09/2013,17,100.0
16/09/2013,18,100.0
16/09/2013,19,100.0
16/09/2013,20,100.0
16/09/2013,21,100.0
16/09/2013,22,100.0
17/09/2013,23,100.0
17/09/2013,0,100.0
17/09/2013,1,100.0
17/09/2013,2,100.0
17/09/2013,3,100.0
17/09/2013,4,100.0
17/09/2013,5,100.0
17/09/2013,6,100.0
17/09/2013,7,100.0
17/09/2013,8,100.0
17/09/2013,9,100.0
17/09/2013,10,100.0
17/09/2013,11,100.0
17/09/2013,12,100.0
17/09/2013,13,100.0
17/09/2013,14,100.0
17/09/2013,15,100.0
17/09/2013,16,100.0
17/09/2013,17,100.0
17/09/2013,18,100.0
17/09/2013,19,100.0
17/09/2013,20,100.0
17/09/2013,21,100.0
17/09/2013,22,100.0
18/09/2013,23,100.0
18/09/2013,0,100.0
18/09/2013,1,100.0
18/09/2013,2,100.0
18/09/2013,3,100.0
18/09/2013,4,100.0
18/09/2013,5,100.0
18/09/2013,6,100.0
18/09/2013,7,100.0
18/09/2013,8,100.0
18/09/2013,9,100.0
18/09/2013,10,100.0
18/09/2013,11,100.0
18/09/2013,12,100.0
18/09/2013,13,100.0
18/09/2013,14,100.0
18/09/2013,15,100.0
18/09/2013,16,100.0
18/09/2013,17,100.0
18/09/2013,18,100.0
18/09/2013,19,100.0
18/09/2013,20,100.0
18/09/2013,21,100.0
18/09/2013,22,100.0
19/09/2013,23,100.0
19/09/2013,0,100.0
19/09/2013,1,100.0
19/09/2013,2,100.0
19/09/2013,3,100.0
19/09/2013,4,100.0
19/09/2013,5,100.0
19/09/2013,6,100.0
19/09/2013,7,100.0
19/09/2013,8,100.0
19/09/2013,9,100.0
19/09/2013,10,100.0
19/09/2013,11,100.0
19/09/2013,12,100.0
19/09/2013,13,100.0
19/09/2013,14,100.0
19/09/2013,15,100.0
19/09/2013,16,100.0
19/09/2013,17,100.0
19/09/2013,18,100.0
19/09/2013,19,100.0
19/09/2013,20,100.0
19/09/2013,21,100.0
19/09/2013,22,100.0
20/09/2013,23,100.0
20/09/2013,0,100.0
20/09/2013,1,100.0
20/09/2013,2,100.0
20/09/2013,3,100.0
20/09/2013,4,100.0
20/09/2013,5,100.0
20/09/2013,6,100.0
20/09/2013,7,100.0
20/09/2013,8,100.0
20/09/2013,9,100.0
20/09/2013,10,100.0
20/09/2013,11,100.0
20/09/2013,12,100.0
20/09/2013,13,100.0
20/09/2013,14,100.0
20/09/2013,15,100.0
20/09/2013,16,100.0
20/09/2013,17,100.0
20/09/2013,18,100.0
20/09/2013,19,100.0
20/09/2013,20,100.0
20/09/2013,21,100.0
20/09/2013,22,100.0
21/09/2013,23,100.0
21/09/2013,0,100.0
21/09/2013,1,100.0
21/09/2013,2,100.0
21/09/2013,3,100.0
21/09/2013,4,100.0
21/09/2013,5,100.0
21/09/2013,6,100.0
21/09/2013,7,100.0
21/09/2013,8,100.0
21/09/2013,9,100.0
21/09/2013,10,100.0
21/09/2013,11,100.0
21/09/2013,12,100.0
21/09/2013,13,100.0
21/09/2013,14,100.0
21/09/2013,15,100.0
21/09/2013,16,100.0
21/09/2013,17,100.0
21/09/2013,18,100.0
21/09/2013,19,100.0
21/09/2013,20,100.0
21/09/2013,21,100.0
21/09/2013,22,100.0
22/09/2013,23,100.0
22/09/2013,0,100.0
22/09/2013,1,100.0
22/09/2013,2,100.0
22/09/2013,3,100.0
22/09/2013,4,100.0
22/09/2013,5,100.0
22/09/2013,6,100.0
22/09/2013,7,100.0
22/09/2013,8,100.0
22/09/2013,9,100.0
22/09/2013,10,100.0
22/09/2013,11,100.0
22/09/2013,12,100.0
22/09/2013,13,100.0
22/09/2013,14,100.0
22/09/2013,15,100.0
22/09/2013,16,100.0
22/09/2013,17,100.0
22/09/2013,18,100.0
22/09/2013,19,100.0
22/09/2013,20,100.0
22/09/2013,21,100.0
22/09/2013,22,100.0
23/09/2013,23,100.0
23/09/2013,0,100.0
23/09/2013,1,100.0
23/09/2013,2,100.0
23/09/2013,3,100.0
23/09/2013,4,100.0
23/09/2013,5,100.0
23/09/2013,6,100.0
23/09/2013,7,100.0
23/09/2013,8,100.0
23/09/2013,9,100.0
23/09/2013,10,100.0
23/09/2013,11,100.0
23/09/2013,12,100.0
23/09/2013,13,100.0
23/09/2013,14,100.0
23/09/2013,15,100.0
23/09/2013,16,100.0
23/09/2013,17,100.0
23/09/2013,18,100.0
23/09/2013,19,100.0
23/09/2013,20,100.0
23/09/2013,21,100.0
23/09/2013,22,100.0
24/09/2013,23,100.0
24/09/2013,0,100.0
24/09/2013,1,100.0
24/09/2013,2,100.0
24/09/2013,3,100.0
24/09/2013,4,100.0
24/09/2013,5,100.0
24/09/2013,6,100.0
24/09/2013,7,100.0
24/09/2013,8,100.0
24/09/2013,9,100.0
24/09/2013,10,100.0
24/09/2013,11,100.0
24/09/2013,12,100.0
24/09/2013,13,100.0
24/09/2013,14,100.0
24/09/2013,15,100.0
24/09/2013,16,100.0
24/09/2013,17,100.0
24/09/2013,18,100.0
24/09/2013,19,100.0
24/09/2013,20,100.0
24/09/2013,21,100.0
24/09/2013,22,100.0
25/09/2013,23,100.0
25/09/2013,0,100.0
25/09/2013,1,100.0
25/09/2013,2,100.0
25/09/2013,3,100.0
25/09/2013,4,100.0
25/09/2013,5,100.0
25/09/2013,6,100.0
25/09/2013,7,100.0
25/09/2013,8,100.0
25/09/2013,9,100.0
25/09/2013,10,100.0
25/09/2013,11,100.0
25/09/2013,12,100.0
25/09/2013,13,100.0
25/09/2013,14,100.0
25/09/2013,15,100.0
25/09/2013,16,100.0
25/09/2013,17,100.0
25/09/2013,18,100.0
25/09/2013,19,100.0
25/09/2013,20,100.0
25/09/2013,21,100.0
25/09/2013,22,100.0
26/09/2013,23,100.0
26/09/2013,0,100.0
26/09/2013,1,100.0
26/09/2013,2,100.0
26/09/2013,3,100.0
26/09/2013,4,100.0
26/09/2013,5,100.0
26/09/2013,6,100.0
26/09/2013,7,100.0
26/09/2013,8,100.0
26/09/2013,9,100.0
26/09/2013,10,100.0
26/09/2013,11,100.0
26/09/2013,12,100.0
26/09/2013,13,100.0
26/09/2013,14,100.0
26/09/2013,15,100.0
26/09/2013,16,100.0
26/09/2013,17,100.0
26/09/2013,18,100.0
26/09/2013,19,100.0
26/09/2013,20,100.0
26/09/2013,21,100.0
26/09/2013,22,100.0
27/09/2013,23,100.0
27/09/2013,0,100.0
27/09/2013,1,100.0
27/09/2013,2,100.0
27/09/2013,3,100.0
27/09/2013,4,100.0
27/09/2013,5,100.0
27/09/2013,6,100.0
27/09/2013,7,100.0
27/09/2013,8,100.0
27/09/2013,9,100.0
27/09/2013,10,100.0
27/09/2013,11,100.0
27/09/2013,12,100.0
27/09/2013,13,100.0
27/09/2013,14,100.0
27/09/2013,15,100.0
27/09/2013,16,100.0
27/09/2013,17,100.0
27/09/2013,18,100.0
27/09/2013,19,100.0
27/09/2013,20,100.0
27/09/2013,21,100.0
27/09/2013,22,100.0
28/09/2013,23,100.0
28/09/2013,0,100.0
28/09/2013,1,100.0
28/09/2013,2,100.0
28/09/2013,3,100.0
28/09/2013,4,100.0
28/09/2013,5,100.0
28/09/2013,6,100.0
28/09/2013,7,100.0
28/09/2013,8,100.0
28/09/2013,9,100.0
28/09/2013,10,100.0
28/09/2013,11,100.0
28/09/2013,12,100.0
28/09/2013,13,100.0
28/09/2013,14,100.0
28/09/2013,15,100.0
28/09/2013,16,100.0
28/09/2013,17,100.0
28/09/2013,18,100.0
28/09/2013,19,100.0
28/09/2013,20,100.0
28/09/2013,21,100.0
28/09/2013,22,100.0
01/10/2013,23,91.66666666666666
01/10/2013,0,100.0
01/10/2013,1,100.0
01/10/2013,2,100.0
01/10/2013,3,100.0
01/10/2013,4,100.0
01/10/2013,5,100.0
01/10/2013,6,100.0
01/10/2013,7,100.0
01/10/2013,8,100.0
01/10/2013,9,100.0
01/10/2013,10,100.0
01/10/2013,11,100.0
01/10/2013,12,100.0
01/10/2013,13,100.0
01/10/2013,14,100.0
01/10/2013,15,100.0
01/10/2013,16,100.0
01/10/2013,17,100.0
01/10/2013,18,100.0
01/10/2013,19,100.0
01/10/2013,20,100.0
01/10/2013,21,100.0
01/10/2013,22,100.0
02/10/2013,23,100.0
02/10/2013,0,100.0
02/10/2013,1,100.0
02/10/2013,2,100.0
02/10/2013,3,100.0
02/10/2013,4,100.0
02/10/2013,5,100.0
02/10/2013,6,100.0
02/10/2013,7,100.0
02/10/2013,8,100.0
02/10/2013,9,100.0
02/10/2013,10,100.0
02/10/2013,11,100.0
02/10/2013,12,100.0
02/10/2013,13,100.0
02/10/2013,14,100.0
02/10/2013,15,100.0
02/10/2013,16,100.0
02/10/2013,17,100.0
02/10/2013,18,100.0
02/10/2013,19,100.0
02/10/2013,20,100.0
02/10/2013,21,100.0
02/10/2013,22,100.0
03/10/2013,23,100.0
03/10/2013,0,100.0
03/10/2013,1,100.0
03/10/2013,2,100.0
03/10/2013,3,100.0
03/10/2013,4,100.0
03/10/2013,5,100.0
03/10/2013,6,100.0
03/10/2013,7,100.0
03/10/2013,8,100.0
03/10/2013,9,100.0
03/10/2013,10,100.0
03/10/2013,11,100.0
03/10/2013,12,100.0
03/10/2013,13,100.0
03/10/2013,14,100.0
03/10/2013,15,100.0
03/10/2013,16,100.0
03/10/2013,17,100.0
03/10/2013,18,100.0
03/10/2013,19,100.0
03/10/2013,20,100.0
03/10/2013,21,100.0
03/10/2013,22,100.0
04/10/2013,23,8.333333333333332
04/10/2013,1,91.66666666666666
04/10/2013,2,100.0
04/10/2013,3,100.0
04/10/2013,4,100.0
04/10/2013,5,100.0
04/10/2013,6,100.0
04/10/2013,7,100.0
04/10/2013,8,100.0
04/10/2013,9,100.0
04/10/2013,10,100.0
04/10/2013,11,100.0
04/10/2013,12,100.0
04/10/2013,13,100.0
04/10/2013,14,100.0
04/10/2013,15,100.0
04/10/2013,16,100.0
04/10/2013,17,100.0
04/10/2013,18,100.0
04/10/2013,19,100.0
04/10/2013,20,100.0
04/10/2013,21,100.0
04/10/2013,22,100.0
05/10/2013,23,100.0
05/10/2013,0,100.0
05/10/2013,1,100.0
05/10/2013,2,100.0
05/10/2013,3,100.0
05/10/2013,4,100.0
05/10/2013,5,100.0
05/10/2013,6,100.0
05/10/2013,7,100.0
05/10/2013,8,100.0
05/10/2013,9,100.0
05/10/2013,10,100.0
05/10/2013,11,100.0
05/10/2013,12,100.0
05/10/2013,13,100.0
05/10/2013,14,100.0
05/10/2013,15,100.0
05/10/2013,16,100.0
05/10/2013,17,100.0
05/10/2013,18,100.0
05/10/2013,19,100.0
05/10/2013,20,100.0
05/10/2013,21,100.0
05/10/2013,22,100.0
06/10/2013,23,100.0
06/10/2013,0,100.0
06/10/2013,1,100.0
06/10/2013,2,100.0
06/10/2013,3,100.0
06/10/2013,4,100.0
06/10/2013,5,100.0
06/10/2013,6,100.0
06/10/2013,7,100.0
06/10/2013,8,100.0
06/10/2013,9,100.0
06/10/2013,10,100.0
06/10/2013,11,100.0
06/10/2013,12,100.0
06/10/2013,13,100.0
06/10/2013,14,100.0
06/10/2013,15,100.0
06/10/2013,16,100.0
06/10/2013,17,100.0
06/10/2013,18,100.0
06/10/2013,19,100.0
06/10/2013,20,100.0
06/10/2013,21,100.0
06/10/2013,22,100.0
07/10/2013,23,100.0
07/10/2013,0,100.0
07/10/2013,1,100.0
07/10/2013,2,100.0
07/10/2013,3,100.0
07/10/2013,4,100.0
07/10/2013,5,100.0
07/10/2013,6,100.0
07/10/2013,7,100.0
07/10/2013,8,100.0
07/10/2013,9,100.0
07/10/2013,10,100.0
07/10/2013,11,100.0
07/10/2013,12,100.0
07/10/2013,13,100.0
07/10/2013,14,100.0
07/10/2013,15,100.0
07/10/2013,16,100.0
07/10/2013,17,100.0
07/10/2013,18,100.0
07/10/2013,19,100.0
07/10/2013,20,100.0
07/10/2013,21,100.0
07/10/2013,22,100.0
08/10/2013,23,100.0
08/10/2013,0,100.0
08/10/2013,1,100.0
08/10/2013,2,100.0
08/10/2013,3,100.0
08/10/2013,4,100.0
08/10/2013,5,100.0
08/10/2013,6,100.0
08/10/2013,7,100.0
08/10/2013,8,100.0
08/10/2013,9,100.0
08/10/2013,10,100.0
08/10/2013,11,100.0
08/10/2013,12,100.0
08/10/2013,13,100.0
08/10/2013,14,100.0
08/10/2013,15,100.0
08/10/2013,16,100.0
08/10/2013,17,100.0
08/10/2013,18,100.0
08/10/2013,19,100.0
08/10/2013,20,100.0
08/10/2013,21,100.0
08/10/2013,22,100.0
09/10/2013,23,100.0
09/10/2013,0,100.0
09/10/2013,1,100.0
09/10/2013,2,100.0
09/10/2013,3,100.0
09/10/2013,4,100.0
09/10/2013,5,100.0
09/10/2013,6,100.0
09/10/2013,7,100.0
09/10/2013,8,100.0
09/10/2013,9,100.0
09/10/2013,10,100.0
09/10/2013,11,100.0
09/10/2013,12,100.0
09/10/2013,13,100.0
09/10/2013,14,100.0
09/10/2013,15,100.0
09/10/2013,16,100.0
09/10/2013,17,100.0
09/10/2013,18,100.0
09/10/2013,19,100.0
09/10/2013,20,100.0
09/10/2013,21,100.0
09/10/2013,22,100.0
10/10/2013,23,100.0
10/10/2013,0,100.0
10/10/2013,1,100.0
10/10/2013,2,100.0
10/10/2013,3,100.0
10/10/2013,4,100.0
10/10/2013,5,100.0
10/10/2013,6,100.0
10/10/2013,7,8.333333333333332
10/10/2013,9,91.66666666666666
10/10/2013,10,100.0
10/10/2013,11,100.0
10/10/2013,12,100.0
10/10/2013,13,100.0
10/10/2013,14,100.0
10/10/2013,15,100.0
10/10/2013,16,100.0
10/10/2013,17,100.0
10/10/2013,18,100.0
10/10/2013,19,100.0
10/10/2013,20,100.0
10/10/2013,21,100.0
10/10/2013,22,100.0
11/10/2013,23,100.0
11/10/2013,0,100.0
11/10/2013,1,100.0
11/10/2013,2,100.0
11/10/2013,3,100.0
11/10/2013,4,100.0
11/10/2013,5,100.0
11/10/2013,6,100.0
11/10/2013,7,100.0
11/10/2013,8,100.0
11/10/2013,9,100.0
11/10/2013,10,100.0
11/10/2013,11,100.0
11/10/2013,12,100.0
11/10/2013,13,100.0
11/10/2013,14,100.0
11/10/2013,15,100.0
11/10/2013,16,100.0
11/10/2013,17,100.0
11/10/2013,18,100.0
11/10/2013,19,100.0
11/10/2013,20,100.0
11/10/2013,21,100.0
11/10/2013,22,100.0
12/10/2013,23,100.0
12/10/2013,0,100.0
12/10/2013,1,100.0
12/10/2013,2,100.0
12/10/2013,3,100.0
12/10/2013,4,100.0
12/10/2013,5,100.0
12/10/2013,6,100.0
12/10/2013,7,100.0
12/10/2013,8,100.0
12/10/2013,9,100.0
12/10/2013,10,100.0
12/10/2013,11,100.0
12/10/2013,12,100.0
12/10/2013,13,100.0
12/10/2013,14,100.0
12/10/2013,15,100.0
12/10/2013,16,100.0
12/10/2013,17,100.0
12/10/2013,18,100.0
12/10/2013,19,100.0
12/10/2013,20,100.0
12/10/2013,21,100.0
12/10/2013,22,100.0
13/10/2013,23,100.0
13/10/2013,0,100.0
13/10/2013,1,100.0
13/10/2013,2,100.0
13/10/2013,3,100.0
13/10/2013,4,100.0
13/10/2013,5,100.0
13/10/2013,6,100.0
13/10/2013,7,100.0
13/10/2013,8,100.0
13/10/2013,9,100.0
13/10/2013,10,100.0
13/10/2013,11,100.0
13/10/2013,12,100.0
13/10/2013,13,100.0
13/10/2013,14,100.0
13/10/2013,15,100.0
13/10/2013,16,100.0
13/10/2013,17,100.0
13/10/2013,18,100.0
13/10/2013,19,100.0
13/10/2013,20,100.0
13/10/2013,21,100.0
13/10/2013,22,100.0
14/10/2013,23,100.0
14/10/2013,0,100.0
14/10/2013,1,100.0
14/10/2013,2,100.0
14/10/2013,3,100.0
14/10/2013,4,100.0
14/10/2013,5,100.0
14/10/2013,6,100.0
14/10/2013,7,100.0
14/10/2013,8,100.0
14/10/2013,9,100.0
14/10/2013,10,100.0
14/10/2013,11,100.0
14/10/2013,12,100.0
14/10/2013,13,100.0
14/10/2013,14,100.0
14/10/2013,15,100.0
14/10/2013,16,100.0
14/10/2013,17,100.0
14/10/2013,18,100.0
14/10/2013,19,100.0
14/10/2013,20,100.0
14/10/2013,21,100.0
14/10/2013,22,100.0
15/10/2013,23,100.0
15/10/2013,0,100.0
15/10/2013,1,100.0
15/10/2013,2,100.0
15/10/2013,3,100.0
15/10/2013,4,100.0
15/10/2013,5,100.0
15/10/2013,6,100.0
15/10/2013,7,100.0
15/10/2013,8,100.0
15/10/2013,9,100.0
15/10/2013,10,100.0
15/10/2013,11,100.0
15/10/2013,12,100.0
15/10/2013,13,100.0
15/10/2013,14,100.0
15/10/2013,15,100.0
15/10/2013,16,100.0
15/10/2013,17,100.0
15/10/2013,18,100.0
15/10/2013,19,100.0
15/10/2013,20,100.0
15/10/2013,21,100.0
15/10/2013,22,100.0
16/10/2013,23,100.0
16/10/2013,0,100.0
16/10/2013,1,100.0
16/10/2013,2,100.0
16/10/2013,3,100.0
16/10/2013,4,100.0
16/10/2013,5,100.0
16/10/2013,6,100.0
16/10/2013,7,100.0
16/10/2013,8,100.0
16/10/2013,9,100.0
16/10/2013,10,100.0
16/10/2013,11,100.0
16/10/2013,12,100.0
16/10/2013,13,100.0
16/10/2013,14,100.0
16/10/2013,15,100.0
16/10/2013,16,100.0
16/10/2013,17,100.0
16/10/2013,18,100.0
16/10/2013,19,100.0
16/10/2013,20,100.0
16/10/2013,21,100.0
16/10/2013,22,100.0
17/10/2013,23,8.333333333333332
17/10/2013,1,91.66666666666666
17/10/2013,2,100.0
17/10/2013,3,100.0
17/10/2013,4,100.0
17/10/2013,5,100.0
17/10/2013,6,100.0
17/10/2013,7,100.0
17/10/2013,8,100.0
17/10/2013,9,100.0
17/10/2013,10,100.0
17/10/2013,11,100.0
17/10/2013,12,100.0
17/10/2013,13,100.0
17/10/2013,14,100.0
17/10/2013,15,100.0
17/10/2013,16,100.0
17/10/2013,17,100.0
17/10/2013,18,100.0
17/10/2013,19,100.0
17/10/2013,20,100.0
17/10/2013,21,100.0
17/10/2013,22,100.0
18/10/2013,23,100.0
18/10/2013,0,100.0
18/10/2013,1,100.0
18/10/2013,2,100.0
18/10/2013,3,100.0
18/10/2013,4,100.0
18/10/2013,5,100.0
18/10/2013,6,100.0
18/10/2013,7,100.0
18/10/2013,8,100.0
18/10/2013,9,100.0
18/10/2013,10,100.0
18/10/2013,11,100.0
18/10/2013,12,100.0
18/10/2013,13,100.0
18/10/2013,14,100.0
18/10/2013,15,100.0
18/10/2013,16,100.0
18/10/2013,17,100.0
18/10/2013,18,100.0
18/10/2013,19,100.0
18/10/2013,20,100.0
18/10/2013,21,100.0
18/10/2013,22,100.0
19/10/2013,23,100.0
19/10/2013,0,100.0
19/10/2013,1,100.0
19/10/2013,2,100.0
19/10/2013,3,100.0
19/10/2013,4,100.0
19/10/2013,5,100.0
19/10/2013,6,100.0
19/10/2013,7,100.0
19/10/2013,8,100.0
19/10/2013,9,100.0
19/10/2013,10,100.0
19/10/2013,11,100.0
19/10/2013,12,100.0
19/10/2013,13,100.0
19/10/2013,14,100.0
19/10/2013,15,100.0
19/10/2013,16,100.0
19/10/2013,17,100.0
19/10/2013,18,100.0
19/10/2013,19,100.0
19/10/2013,20,100.0
19/10/2013,21,100.0
19/10/2013,22,100.0
20/10/2013,23,8.333333333333332
20/10/2013,1,91.66666666666666
20/10/2013,2,100.0
20/10/2013,3,100.0
20/10/2013,4,100.0
20/10/2013,5,100.0
20/10/2013,6,100.0
20/10/2013,7,100.0
20/10/2013,8,100.0
20/10/2013,9,100.0
20/10/2013,10,100.0
20/10/2013,11,100.0
20/10/2013,12,100.0
20/10/2013,13,8.333333333333332
20/10/2013,19,91.66666666666666
20/10/2013,20,100.0
20/10/2013,21,100.0
20/10/2013,22,100.0
21/10/2013,23,100.0
21/10/2013,0,100.0
21/10/2013,1,100.0
21/10/2013,2,100.0
21/10/2013,3,100.0
21/10/2013,4,100.0
21/10/2013,5,100.0
21/10/2013,6,100.0
21/10/2013,7,100.0
21/10/2013,8,100.0
21/10/2013,9,100.0
21/10/2013,10,100.0
21/10/2013,11,100.0
21/10/2013,12,100.0
21/10/2013,13,100.0
21/10/2013,14,100.0
21/10/2013,15,100.0
21/10/2013,16,100.0
21/10/2013,17,8.333333333333332
21/10/2013,21,91.66666666666666
21/10/2013,22,100.0
22/10/2013,23,8.333333333333332
22/10/2013,1,91.66666666666666
22/10/2013,2,100.0
22/10/2013,3,100.0
22/10/2013,4,100.0
22/10/2013,5,100.0
22/10/2013,6,100.0
22/10/2013,7,100.0
22/10/2013,8,100.0
22/10/2013,9,100.0
22/10/2013,10,100.0
22/10/2013,11,100.0
22/10/2013,12,100.0
22/10/2013,13,100.0
22/10/2013,14,100.0
22/10/2013,15,100.0
22/10/2013,16,100.0
22/10/2013,17,100.0
22/10/2013,18,100.0
22/10/2013,19,100.0
22/10/2013,20,100.0
22/10/2013,21,100.0
22/10/2013,22,100.0
23/10/2013,23,100.0
23/10/2013,0,100.0
23/10/2013,1,100.0
23/10/2013,2,100.0
23/10/2013,3,100.0
23/10/2013,4,100.0
23/10/2013,5,100.0
23/10/2013,6,100.0
23/10/2013,7,8.333333333333332
23/10/2013,9,91.66666666666666
23/10/2013,10,100.0
23/10/2013,11,100.0
23/10/2013,12,100.0
23/10/2013,13,100.0
23/10/2013,14,100.0
23/10/2013,15,100.0
23/10/2013,16,100.0
23/10/2013,17,100.0
23/10/2013,18,100.0
23/10/2013,19,100.0
23/10/2013,20,100.0
23/10/2013,21,100.0
23/10/2013,22,100.0
24/10/2013,23,100.0
24/10/2013,0,100.0
24/10/2013,1,100.0
24/10/2013,2,100.0
24/10/2013,3,100.0
24/10/2013,4,100.0
24/10/2013,5,100.0
24/10/2013,6,100.0
24/10/2013,7,100.0
24/10/2013,8,100.0
24/10/2013,9,100.0
24/10/2013,10,100.0
24/10/2013,11,100.0
24/10/2013,12,100.0
24/10/2013,13,100.0
24/10/2013,14,100.0
24/10/2013,15,100.0
24/10/2013,16,100.0
24/10/2013,17,100.0
24/10/2013,18,100.0
24/10/2013,19,100.0
24/10/2013,20,100.0
24/10/2013,21,100.0
24/10/2013,22,100.0
25/10/2013,23,100.0
25/10/2013,0,100.0
25/10/2013,1,100.0
25/10/2013,2,100.0
25/10/2013,3,100.0
25/10/2013,4,100.0
25/10/2013,5,8.333333333333332
25/10/2013,9,91.66666666666666
25/10/2013,10,100.0
25/10/2013,11,100.0
25/10/2013,12,100.0
25/10/2013,13,100.0
25/10/2013,14,100.0
25/10/2013,15,100.0
25/10/2013,16,100.0
25/10/2013,17,100.0
25/10/2013,18,100.0
25/10/2013,19,100.0
25/10/2013,20,100.0
25/10/2013,21,100.0
25/10/2013,22,100.0
26/10/2013,23,100.0
26/10/2013,0,100.0
26/10/2013,1,100.0
26/10/2013,2,100.0
26/10/2013,3,100.0
26/10/2013,4,100.0
26/10/2013,5,100.0
26/10/2013,6,100.0
26/10/2013,7,100.0
26/10/2013,8,100.0
26/10/2013,9,100.0
26/10/2013,10,100.0
26/10/2013,11,100.0
26/10/2013,12,100.0
26/10/2013,13,8.333333333333332
26/10/2013,15,91.66666666666666
26/10/2013,16,100.0
26/10/2013,17,100.0
26/10/2013,18,100.0
26/10/2013,19,100.0
26/10/2013,20,100.0
26/10/2013,21,100.0
26/10/2013,22,100.0
27/10/2013,23,100.0
27/10/2013,0,100.0
27/10/2013,1,100.0
27/10/2013,2,100.0
27/10/2013,3,100.0
27/10/2013,4,100.0
27/10/2013,5,100.0
27/10/2013,6,100.0
27/10/2013,7,100.0
27/10/2013,8,100.0
27/10/2013,9,100.0
27/10/2013,10,100.0
27/10/2013,11,100.0
27/10/2013,12,100.0
27/10/2013,13,100.0
27/10/2013,14,100.0
27/10/2013,15,100.0
27/10/2013,16,100.0
27/10/2013,17,100.0
27/10/2013,18,100.0
27/10/2013,19,8.333333333333332
28/10/2013,23,91.66666666666666
28/10/2013,0,100.0
28/10/2013,1,100.0
28/10/2013,2,100.0
28/10/2013,3,100.0
28/10/2013,4,100.0
28/10/2013,5,8.333333333333332
28/10/2013,7,91.66666666666666
28/10/2013,8,100.0
28/10/2013,9,100.0
28/10/2013,10,100.0
28/10/2013,11,100.0
28/10/2013,12,100.0
28/10/2013,13,100.0
28/10/2013,14,100.0
28/10/2013,15,100.0
28/10/2013,16,100.0
28/10/2013,17,100.0
28/10/2013,18,100.0
28/10/2013,19,100.0
28/10/2013,20,100.0
28/10/2013,21,100.0
28/10/2013,22,100.0
29/10/2013,23,100.0
29/10/2013,0,100.0
29/10/2013,1,100.0
29/10/2013,2,100.0
29/10/2013,3,100.0
29/10/2013,4,100.0
29/10/2013,5,100.0
29/10/2013,6,100.0
29/10/2013,7,100.0
29/10/2013,8,100.0
29/10/2013,9,100.0
29/10/2013,10,100.0
29/10/2013,11,100.0
29/10/2013,12,100.0
29/10/2013,13,100.0
29/10/2013,14,100.0
29/10/2013,15,100.0
29/10/2013,16,100.0
29/10/2013,17,100.0
29/10/2013,18,100.0
29/10/2013,19,100.0
29/10/2013,20,100.0
29/10/2013,21,100.0
29/10/2013,22,100.0
30/10/2013,23,100.0
30/10/2013,0,100.0
30/10/2013,1,100.0
30/10/2013,2,100.0
30/10/2013,3,100.0
30/10/2013,4,100.0
30/10/2013,5,100.0
30/10/2013,6,100.0
30/10/2013,7,100.0
30/10/2013,8,100.0
30/10/2013,9,16.666666666666664
30/10/2013,13,91.66666666666666
30/10/2013,14,100.0
30/10/2013,15,100.0
30/10/2013,16,100.0
30/10/2013,17,100.0
30/10/2013,18,100.0
30/10/2013,19,100.0
30/10/2013,20,100.0
30/10/2013,21,100.0
30/10/2013,22,100.0
01/11/2013,23,91.66666666666666
01/11/2013,0,100.0
01/11/2013,1,100.0
01/11/2013,2,100.0
01/11/2013,3,100.0
01/11/2013,4,100.0
01/11/2013,5,100.0
01/11/2013,6,100.0
01/11/2013,7,8.333333333333332
01/11/2013,11,91.66666666666666
01/11/2013,12,100.0
01/11/2013,13,100.0
01/11/2013,14,100.0
01/11/2013,15,100.0
01/11/2013,16,100.0
01/11/2013,17,8.333333333333332
02/11/2013,23,91.66666666666666
02/11/2013,0,100.0
02/11/2013,1,100.0
02/11/2013,2,100.0
02/11/2013,3,100.0
02/11/2013,4,100.0
02/11/2013,5,8.333333333333332
02/11/2013,7,91.66666666666666
02/11/2013,8,100.0
02/11/2013,9,100.0
02/11/2013,10,100.0
02/11/2013,11,100.0
02/11/2013,12,100.0
02/11/2013,13,100.0
02/11/2013,14,100.0
02/11/2013,15,100.0
02/11/2013,16,100.0
02/11/2013,17,100.0
02/11/2013,18,100.0
02/11/2013,19,100.0
02/11/2013,20,100.0
02/11/2013,21,100.0
02/11/2013,22,100.0
03/11/2013,23,100.0
03/11/2013,0,100.0
03/11/2013,1,100.0
03/11/2013,2,100.0
03/11/2013,3,100.0
03/11/2013,4,100.0
03/11/2013,5,100.0
03/11/2013,6,100.0
03/11/2013,7,100.0
03/11/2013,8,100.0
03/11/2013,9,100.0
03/11/2013,10,100.0
03/11/2013,11,100.0
03/11/2013,12,100.0
03/11/2013,13,100.0
03/11/2013,14,100.0
03/11/2013,15,100.0
03/11/2013,16,100.0
03/11/2013,17,100.0
03/11/2013,18,100.0
03/11/2013,19,100.0
03/11/2013,20,100.0
03/11/2013,21,8.333333333333332
04/11/2013,23,91.66666666666666
04/11/2013,0,100.0
04/11/2013,1,100.0
04/11/2013,2,100.0
04/11/2013,3,8.333333333333332
04/11/2013,5,91.66666666666666
04/11/2013,6,100.0
04/11/2013,7,100.0
04/11/2013,8,100.0
04/11/2013,9,100.0
04/11/2013,10,100.0
04/11/2013,11,100.0
04/11/2013,12,100.0
04/11/2013,13,100.0
04/11/2013,14,100.0
04/11/2013,15,100.0
04/11/2013,16,100.0
04/11/2013,17,100.0
04/11/2013,18,100.0
04/11/2013,19,100.0
04/11/2013,20,100.0
04/11/2013,21,100.0
04/11/2013,22,100.0
05/11/2013,23,100.0
05/11/2013,0,100.0
05/11/2013,1,100.0
05/11/2013,2,100.0
05/11/2013,3,100.0
05/11/2013,4,100.0
05/11/2013,5,100.0
05/11/2013,6,100.0
05/11/2013,7,100.0
05/11/2013,8,100.0
05/11/2013,9,100.0
05/11/2013,10,100.0
05/11/2013,11,8.333333333333332
05/11/2013,13,91.66666666666666
05/11/2013,14,100.0
05/11/2013,15,100.0
05/11/2013,16,100.0
05/11/2013,17,100.0
05/11/2013,18,100.0
05/11/2013,19,100.0
05/11/2013,20,100.0
05/11/2013,21,100.0
05/11/2013,22,100.0
06/11/2013,23,100.0
06/11/2013,0,100.0
06/11/2013,1,100.0
06/11/2013,2,100.0
06/11/2013,3,100.0
06/11/2013,4,100.0
06/11/2013,5,100.0
06/11/2013,6,100.0
06/11/2013,7,100.0
06/11/2013,8,100.0
06/11/2013,9,100.0
06/11/2013,10,100.0
06/11/2013,11,100.0
06/11/2013,12,100.0
06/11/2013,13,100.0
06/11/2013,14,100.0
06/11/2013,15,100.0
06/11/2013,16,100.0
06/11/2013,17,100.0
06/11/2013,18,100.0
06/11/2013,19,100.0
06/11/2013,20,100.0
06/11/2013,21,100.0
06/11/2013,22,100.0
07/11/2013,23,100.0
07/11/2013,0,100.0
07/11/2013,1,100.0
07/11/2013,2,100.0
07/11/2013,3,100.0
07/11/2013,4,100.0
07/11/2013,5,100.0
07/11/2013,6,100.0
07/11/2013,7,100.0
07/11/2013,8,100.0
07/11/2013,9,100.0
07/11/2013,10,100.0
07/11/2013,11,100.0
07/11/2013,12,100.0
07/11/2013,13,100.0
07/11/2013,14,100.0
07/11/2013,15,100.0
07/11/2013,16,100.0
07/11/2013,17,100.0
07/11/2013,18,100.0
07/11/2013,19,100.0
07/11/2013,20,100.0
07/11/2013,21,100.0
07/11/2013,22,100.0
08/11/2013,23,8.333333333333332
08/11/2013,1,91.66666666666666
08/11/2013,2,100.0
08/11/2013,3,100.0
08/11/2013,4,100.0
08/11/2013,5,8.333333333333332
08/11/2013,7,91.66666666666666
08/11/2013,8,100.0
08/11/2013,9,16.666666666666664
08/11/2013,11,91.66666666666666
08/11/2013,12,100.0
08/11/2013,13,8.333333333333332
08/11/2013,15,91.66666666666666
08/11/2013,16,100.0
08/11/2013,17,8.333333333333332
08/11/2013,19,91.66666666666666
08/11/2013,20,100.0
08/11/2013,21,100.0
08/11/2013,22,100.0
09/11/2013,23,8.333333333333332
09/11/2013,9,91.66666666666666
09/11/2013,10,100.0
09/11/2013,11,100.0
09/11/2013,12,100.0
09/11/2013,13,8.333333333333332
09/11/2013,17,91.66666666666666
09/11/2013,18,100.0
09/11/2013,19,100.0
09/11/2013,20,100.0
09/11/2013,21,8.333333333333332
10/11/2013,23,91.66666666666666
10/11/2013,0,100.0
10/11/2013,1,100.0
10/11/2013,2,100.0
10/11/2013,3,100.0
10/11/2013,4,100.0
10/11/2013,5,100.0
10/11/2013,6,100.0
10/11/2013,7,100.0
10/11/2013,8,100.0
10/11/2013,9,100.0
10/11/2013,10,100.0
10/11/2013,11,100.0
10/11/2013,12,100.0
10/11/2013,13,100.0
10/11/2013,14,100.0
10/11/2013,15,100.0
10/11/2013,16,100.0
10/11/2013,17,100.0
10/11/2013,18,100.0
10/11/2013,19,100.0
10/11/2013,20,100.0
10/11/2013,21,100.0
10/11/2013,22,100.0
11/11/2013,23,100.0
11/11/2013,0,100.0
11/11/2013,1,100.0
11/11/2013,2,100.0
11/11/2013,3,100.0
11/11/2013,4,100.0
11/11/2013,5,100.0
11/11/2013,6,100.0
11/11/2013,7,100.0
11/11/2013,8,100.0
11/11/2013,9,100.0
11/11/2013,10,100.0
11/11/2013,11,100.0
11/11/2013,12,100.0
11/11/2013,13,100.0
11/11/2013,14,100.0
11/11/2013,15,100.0
11/11/2013,16,100.0
11/11/2013,17,100.0
11/11/2013,18,100.0
11/11/2013,19,100.0
11/11/2013,20,100.0
11/11/2013,21,100.0
11/11/2013,22,100.0
12/11/2013,23,100.0
12/11/2013,0,100.0
12/11/2013,1,100.0
12/11/2013,2,100.0
12/11/2013,3,100.0
12/11/2013,4,100.0
12/11/2013,5,100.0
12/11/2013,6,100.0
12/11/2013,7,100.0
12/11/2013,8,100.0
12/11/2013,9,100.0
12/11/2013,10,100.0
12/11/2013,11,100.0
12/11/2013,12,100.0
12/11/2013,13,100.0
12/11/2013,14,100.0
12/11/2013,15,100.0
12/11/2013,16,100.0
12/11/2013,17,8.333333333333332
12/11/2013,19,91.66666666666666
12/11/2013,20,100.0
12/11/2013,21,100.0
12/11/2013,22,100.0
13/11/2013,23,100.0
13/11/2013,0,100.0
13/11/2013,1,8.333333333333332
13/11/2013,3,91.66666666666666
13/11/2013,4,100.0
13/11/2013,5,8.333333333333332
13/11/2013,7,91.66666666666666
13/11/2013,8,100.0
13/11/2013,9,100.0
13/11/2013,10,100.0
13/11/2013,11,100.0
13/11/2013,12,100.0
13/11/2013,13,8.333333333333332
13/11/2013,15,91.66666666666666
13/11/2013,16,100.0
13/11/2013,17,100.0
13/11/2013,18,100.0
13/11/2013,19,100.0
13/11/2013,20,100.0
13/11/2013,21,100.0
13/11/2013,22,100.0
14/11/2013,23,91.66666666666666
14/11/2013,11,41.66666666666667
14/11/2013,12,100.0
14/11/2013,13,100.0
14/11/2013,14,100.0
14/11/2013,15,100.0
14/11/2013,16,100.0
14/11/2013,17,100.0
14/11/2013,18,100.0
14/11/2013,19,100.0
14/11/2013,20,100.0
14/11/2013,21,100.0
14/11/2013,22,100.0
15/11/2013,23,100.0
15/11/2013,0,100.0
15/11/2013,1,100.0
15/11/2013,2,100.0
15/11/2013,3,100.0
15/11/2013,4,100.0
15/11/2013,5,100.0
15/11/2013,6,100.0
15/11/2013,7,100.0
15/11/2013,8,100.0
15/11/2013,9,16.666666666666664
15/11/2013,17,91.66666666666666
15/11/2013,18,100.0
15/11/2013,19,100.0
15/11/2013,20,100.0
15/11/2013,21,100.0
15/11/2013,22,100.0
16/11/2013,23,100.0
16/11/2013,0,100.0
16/11/2013,1,100.0
16/11/2013,2,100.0
16/11/2013,3,100.0
16/11/2013,4,100.0
18/11/2013,5,8.333333333333332
18/11/2013,11,91.66666666666666
18/11/2013,12,100.0
18/11/2013,13,100.0
18/11/2013,14,100.0
18/11/2013,15,100.0
18/11/2013,16,100.0
18/11/2013,17,100.0
18/11/2013,18,100.0
18/11/2013,19,100.0
18/11/2013,20,100.0
18/11/2013,21,100.0
18/11/2013,22,100.0
19/11/2013,23,100.0
19/11/2013,0,100.0
19/11/2013,1,100.0
19/11/2013,2,100.0
19/11/2013,3,100.0
19/11/2013,4,100.0
19/11/2013,5,100.0
19/11/2013,6,100.0
19/11/2013,7,100.0
19/11/2013,8,100.0
19/11/2013,9,8.333333333333332
19/11/2013,10,100.0
19/11/2013,11,100.0
19/11/2013,12,100.0
19/11/2013,13,100.0
19/11/2013,14,100.0
19/11/2013,15,100.0
19/11/2013,16,100.0
19/11/2013,17,100.0
19/11/2013,18,100.0
19/11/2013,19,100.0
19/11/2013,20,100.0
19/11/2013,21,100.0
19/11/2013,22,100.0
20/11/2013,23,100.0
20/11/2013,0,100.0
20/11/2013,1,100.0
20/11/2013,2,100.0
20/11/2013,3,100.0
20/11/2013,4,100.0
20/11/2013,5,100.0
20/11/2013,6,100.0
20/11/2013,7,100.0
20/11/2013,8,100.0
20/11/2013,9,8.333333333333332
20/11/2013,10,100.0
20/11/2013,11,8.333333333333332
20/11/2013,13,91.66666666666666
20/11/2013,14,100.0
20/11/2013,15,100.0
20/11/2013,16,108.33333333333333
20/11/2013,17,8.333333333333332
20/11/2013,19,91.66666666666666
20/11/2013,20,100.0
20/11/2013,21,100.0
20/11/2013,22,100.0
21/11/2013,23,100.0
21/11/2013,0,100.0
21/11/2013,1,100.0
21/11/2013,2,100.0
21/11/2013,3,100.0
21/11/2013,4,100.0
21/11/2013,5,100.0
21/11/2013,6,100.0
21/11/2013,7,8.333333333333332
21/11/2013,9,91.66666666666666
21/11/2013,10,100.0
21/11/2013,11,8.333333333333332
21/11/2013,13,91.66666666666666
21/11/2013,14,100.0
21/11/2013,15,100.0
21/11/2013,16,100.0
21/11/2013,17,100.0
21/11/2013,18,100.0
21/11/2013,19,100.0
21/11/2013,20,100.0
21/11/2013,21,100.0
21/11/2013,22,100.0
22/11/2013,23,100.0
22/11/2013,0,100.0
22/11/2013,1,100.0
22/11/2013,2,100.0
22/11/2013,3,100.0
22/11/2013,4,100.0
22/11/2013,5,100.0
22/11/2013,6,100.0
22/11/2013,7,100.0
22/11/2013,8,100.0
22/11/2013,9,100.0
22/11/2013,10,100.0
22/11/2013,11,100.0
22/11/2013,12,100.0
22/11/2013,13,100.0
22/11/2013,14,100.0
22/11/2013,15,100.0
22/11/2013,16,100.0
22/11/2013,17,100.0
22/11/2013,18,100.0
22/11/2013,19,100.0
22/11/2013,20,100.0
22/11/2013,21,100.0
22/11/2013,22,100.0
23/11/2013,23,100.0
23/11/2013,0,100.0
23/11/2013,1,100.0
23/11/2013,2,100.0
23/11/2013,3,100.0
23/11/2013,4,100.0
23/11/2013,5,100.0
23/11/2013,6,100.0
23/11/2013,7,100.0
23/11/2013,8,100.0
23/11/2013,9,100.0
23/11/2013,10,100.0
23/11/2013,11,100.0
23/11/2013,12,100.0
23/11/2013,13,100.0
23/11/2013,14,100.0
23/11/2013,15,100.0
23/11/2013,16,100.0
23/11/2013,17,100.0
23/11/2013,18,100.0
23/11/2013,19,100.0
23/11/2013,20,100.0
23/11/2013,21,100.0
23/11/2013,22,100.0
24/11/2013,23,100.0
24/11/2013,0,100.0
24/11/2013,1,100.0
24/11/2013,2,100.0
24/11/2013,3,100.0
24/11/2013,4,100.0
24/11/2013,5,100.0
24/11/2013,6,100.0
24/11/2013,7,100.0
24/11/2013,8,100.0
24/11/2013,9,100.0
24/11/2013,10,100.0
24/11/2013,11,100.0
24/11/2013,12,100.0
24/11/2013,13,100.0
24/11/2013,14,100.0
24/11/2013,15,100.0
24/11/2013,16,100.0
24/11/2013,17,100.0
24/11/2013,18,100.0
24/11/2013,19,100.0
24/11/2013,20,100.0
24/11/2013,21,100.0
24/11/2013,22,100.0
25/11/2013,23,100.0
25/11/2013,0,100.0
25/11/2013,1,100.0
25/11/2013,2,100.0
25/11/2013,3,100.0
25/11/2013,4,100.0
25/11/2013,5,100.0
25/11/2013,6,100.0
25/11/2013,7,100.0
25/11/2013,8,100.0
25/11/2013,9,100.0
25/11/2013,10,100.0
25/11/2013,11,100.0
25/11/2013,12,100.0
25/11/2013,13,100.0
25/11/2013,14,100.0
25/11/2013,15,100.0
25/11/2013,16,100.0
25/11/2013,17,100.0
25/11/2013,18,100.0
25/11/2013,19,100.0
25/11/2013,20,100.0
25/11/2013,21,100.0
25/11/2013,22,100.0
26/11/2013,23,8.333333333333332
26/11/2013,1,91.66666666666666
26/11/2013,2,100.0
26/11/2013,3,100.0
26/11/2013,4,100.0
27/11/2013,5,8.333333333333332
27/11/2013,15,91.66666666666666
27/11/2013,16,100.0
27/11/2013,17,100.0
27/11/2013,18,100.0
27/11/2013,19,100.0
27/11/2013,20,100.0
27/11/2013,21,100.0
27/11/2013,22,100.0
28/11/2013,23,100.0
28/11/2013,0,100.0
28/11/2013,1,100.0
28/11/2013,2,100.0
28/11/2013,3,100.0
28/11/2013,4,100.0
28/11/2013,5,100.0
28/11/2013,6,100.0
28/11/2013,7,100.0
28/11/2013,8,100.0
28/11/2013,9,100.0
28/11/2013,10,100.0
28/11/2013,11,100.0
28/11/2013,12,100.0
28/11/2013,13,100.0
28/11/2013,14,100.0
28/11/2013,15,100.0
28/11/2013,16,100.0
28/11/2013,17,100.0
28/11/2013,18,100.0
28/11/2013,19,100.0
28/11/2013,20,100.0
28/11/2013,21,100.0
28/11/2013,22,100.0
29/11/2013,23,100.0
29/11/2013,0,100.0
29/11/2013,1,100.0
29/11/2013,2,100.0
29/11/2013,3,100.0
29/11/2013,4,100.0
29/11/2013,5,100.0
29/11/2013,6,100.0
29/11/2013,7,100.0
29/11/2013,8,100.0
29/11/2013,9,100.0
29/11/2013,10,100.0
29/11/2013,11,100.0
29/11/2013,12,100.0
29/11/2013,13,100.0
29/11/2013,14,100.0
29/11/2013,15,100.0
29/11/2013,16,100.0
29/11/2013,17,100.0
29/11/2013,18,100.0
29/11/2013,19,100.0
29/11/2013,20,100.0
29/11/2013,21,100.0
29/11/2013,22,100.0
30/11/2013,23,100.0
30/11/2013,0,100.0
30/11/2013,1,100.0
30/11/2013,2,100.0
30/11/2013,3,100.0
30/11/2013,4,100.0
30/11/2013,5,100.0
30/11/2013,6,100.0
30/11/2013,7,100.0
30/11/2013,8,100.0
30/11/2013,9,100.0
30/11/2013,10,100.0
30/11/2013,11,100.0
30/11/2013,12,100.0
30/11/2013,13,100.0
30/11/2013,14,100.0
30/11/2013,15,100.0
30/11/2013,16,100.0
30/11/2013,17,100.0
30/11/2013,18,100.0
30/11/2013,19,100.0
30/11/2013,20,100.0
30/11/2013,21,100.0
30/11/2013,22,100.0
01/12/2013,23,100.0
01/12/2013,0,100.0
01/12/2013,1,100.0
01/12/2013,2,100.0
01/12/2013,3,100.0
01/12/2013,4,100.0
01/12/2013,5,100.0
01/12/2013,6,100.0
01/12/2013,7,100.0
01/12/2013,8,100.0
01/12/2013,9,100.0
01/12/2013,10,100.0
01/12/2013,11,100.0
01/12/2013,12,100.0
01/12/2013,13,100.0
01/12/2013,14,100.0
01/12/2013,15,100.0
01/12/2013,16,100.0
01/12/2013,17,100.0
01/12/2013,18,100.0
01/12/2013,19,100.0
01/12/2013,20,100.0
01/12/2013,21,100.0
01/12/2013,22,100.0
02/12/2013,23,100.0
02/12/2013,0,100.0
02/12/2013,1,100.0
02/12/2013,2,100.0
02/12/2013,3,100.0
02/12/2013,4,100.0
02/12/2013,5,100.0
02/12/2013,6,100.0
02/12/2013,7,100.0
02/12/2013,8,100.0
02/12/2013,9,100.0
02/12/2013,10,100.0
02/12/2013,11,100.0
02/12/2013,12,100.0
02/12/2013,13,100.0
02/12/2013,14,100.0
02/12/2013,15,100.0
02/12/2013,16,100.0
02/12/2013,17,100.0
02/12/2013,18,100.0
02/12/2013,19,100.0
02/12/2013,20,100.0
02/12/2013,21,100.0
02/12/2013,22,100.0
03/12/2013,23,100.0
03/12/2013,0,100.0
03/12/2013,1,100.0
03/12/2013,2,100.0
03/12/2013,3,100.0
03/12/2013,4,100.0
03/12/2013,5,100.0
03/12/2013,6,100.0
03/12/2013,7,100.0
03/12/2013,8,100.0
03/12/2013,9,100.0
03/12/2013,10,100.0
03/12/2013,11,8.333333333333332
03/12/2013,15,91.66666666666666
03/12/2013,16,100.0
03/12/2013,17,100.0
03/12/2013,18,100.0
03/12/2013,19,100.0
03/12/2013,20,100.0
03/12/2013,21,100.0
03/12/2013,22,100.0
04/12/2013,23,100.0
04/12/2013,0,100.0
04/12/2013,1,100.0
04/12/2013,2,100.0
04/12/2013,3,100.0
04/12/2013,4,100.0
04/12/2013,5,100.0
04/12/2013,6,100.0
04/12/2013,7,100.0
04/12/2013,8,100.0
04/12/2013,9,100.0
04/12/2013,10,100.0
04/12/2013,11,100.0
04/12/2013,12,100.0
04/12/2013,13,8.333333333333332
04/12/2013,15,91.66666666666666
04/12/2013,16,100.0
04/12/2013,17,100.0
04/12/2013,18,100.0
04/12/2013,19,100.0
04/12/2013,20,100.0
04/12/2013,21,100.0
04/12/2013,22,100.0
05/12/2013,23,100.0
05/12/2013,0,100.0
05/12/2013,1,100.0
05/12/2013,2,100.0
05/12/2013,3,100.0
05/12/2013,4,100.0
05/12/2013,5,100.0
05/12/2013,6,100.0
05/12/2013,7,100.0
05/12/2013,8,100.0
05/12/2013,9,100.0
05/12/2013,10,100.0
05/12/2013,11,100.0
05/12/2013,12,100.0
05/12/2013,13,100.0
05/12/2013,14,100.0
05/12/2013,15,100.0
05/12/2013,16,100.0
05/12/2013,17,100.0
05/12/2013,18,100.0
05/12/2013,19,100.0
05/12/2013,20,100.0
05/12/2013,21,100.0
05/12/2013,22,100.0
